
============================================================
[2026-02-18T07:12:02.851Z] EJECUCIÓN INICIADA - process.argv: C:\Users\pc\Documents\pruebaSccraping\index.js Gerente de Tecnología e Innovación --keywords=gerente,tecnología,innovación,manager,ingeniería,sistemas,informática,ciencias,definir,ejecutar,estrategia,liderar,lima, perú (híbrido) --max=5 --delay=1 --exclude-urls=https://www.linkedin.com/in/sandrorisso,https://www.linkedin.com/in/virginia-blume-b883646b,https://www.linkedin.com/in/tony-pinedo-revilla,https://www.linkedin.com/in/miguelbandach,https://www.linkedin.com/in/manuelcamones,https://www.linkedin.com/in/carlos-chiri-342ab594,https://www.linkedin.com/in/razielcaparo,https://www.linkedin.com/in/walter-r%C3%ADmac-narro-265a4857,https://www.linkedin.com/in/jorge-pazos,https://www.linkedin.com/in/amendozao
============================================================
[2026-02-18T07:12:02.852Z] [LOG] Iniciando navegador...
[2026-02-18T07:12:03.309Z] [LOG] ✓ Cookies cargadas desde sesión anterior
[2026-02-18T07:12:03.309Z] [LOG] Verificando sesión activa...
[2026-02-18T07:12:11.434Z] [LOG] ✓ Sesión activa encontrada. Continuando sin login...
[2026-02-18T07:12:11.434Z] [LOG] Procesando URLs de exclusión directas...
[2026-02-18T07:12:11.434Z] [LOG] ✓ Procesadas 10 URLs de exclusión directas
[2026-02-18T07:12:11.435Z] [LOG]   1. https://www.linkedin.com/in/sandrorisso
[2026-02-18T07:12:11.435Z] [LOG]   2. https://www.linkedin.com/in/virginia-blume-b883646b
[2026-02-18T07:12:11.435Z] [LOG]   3. https://www.linkedin.com/in/tony-pinedo-revilla
[2026-02-18T07:12:11.435Z] [LOG]   4. https://www.linkedin.com/in/miguelbandach
[2026-02-18T07:12:11.435Z] [LOG]   5. https://www.linkedin.com/in/manuelcamones
[2026-02-18T07:12:11.435Z] [LOG]   6. https://www.linkedin.com/in/carlos-chiri-342ab594
[2026-02-18T07:12:11.435Z] [LOG]   7. https://www.linkedin.com/in/razielcaparo
[2026-02-18T07:12:11.435Z] [LOG]   8. https://www.linkedin.com/in/walter-r%C3%ADmac-narro-265a4857
[2026-02-18T07:12:11.435Z] [LOG]   9. https://www.linkedin.com/in/jorge-pazos
[2026-02-18T07:12:11.435Z] [LOG]   10. https://www.linkedin.com/in/amendozao
[2026-02-18T07:12:11.435Z] [LOG] [DEBUG] --max detectado: 5 perfiles máximo
[2026-02-18T07:12:11.435Z] [LOG] [DEBUG] process.argv: ["C:\\nvm4w\\nodejs\\node.exe","C:\\Users\\pc\\Documents\\pruebaSccraping\\index.js","Gerente de Tecnología e Innovación","--keywords=gerente,tecnología,innovación,manager,ingeniería,sistemas,informática,ciencias,definir,ejecutar,estrategia,liderar,lima, perú (híbrido)","--max=5","--delay=1","--exclude-urls=https://www.linkedin.com/in/sandrorisso,https://www.linkedin.com/in/virginia-blume-b883646b,https://www.linkedin.com/in/tony-pinedo-revilla,https://www.linkedin.com/in/miguelbandach,https://www.linkedin.com/in/manuelcamones,https://www.linkedin.com/in/carlos-chiri-342ab594,https://www.linkedin.com/in/razielcaparo,https://www.linkedin.com/in/walter-r%C3%ADmac-narro-265a4857,https://www.linkedin.com/in/jorge-pazos,https://www.linkedin.com/in/amendozao"]
[2026-02-18T07:12:11.436Z] [LOG] 
=== Buscando: Gerente de Tecnología e Innovación ===

[2026-02-18T07:12:11.436Z] [LOG] Palabras clave para priorizar barrido: gerente, tecnología, innovación, manager, ingeniería, sistemas, informática, ciencias, definir, ejecutar, estrategia, liderar, lima, perú (híbrido)

[2026-02-18T07:12:11.436Z] [LOG] Buscando: Gerente de Tecnología e Innovación...
[2026-02-18T07:12:11.436Z] [LOG] Palabras clave para priorizar barrido: gerente, tecnología, innovación, manager, ingeniería, sistemas, informática, ciencias, definir, ejecutar, estrategia, liderar, lima, perú (híbrido)
[2026-02-18T07:12:11.437Z] [LOG] Query enviada a LinkedIn: Gerente de Tecnología e Innovación gerente tecnología innovación manager ingenie...
[2026-02-18T07:12:13.253Z] [LOG] URL actual: https://www.linkedin.com/search/results/people/?keywords=Gerente%20de%20Tecnolog%C3%ADa%20e%20Innovaci%C3%B3n%20gerente%20tecnolog%C3%ADa%20innovaci%C3%B3n%20manager%20ingenier%C3%ADa&origin=SWITCH_SEARCH_VERTICAL&geoUrn=%5B%22102927786%22%5D
[2026-02-18T07:12:13.253Z] [LOG] Esperando a que carguen los resultados...
[2026-02-18T07:12:13.560Z] [LOG] ✓ Contenedor de resultados encontrado
[2026-02-18T07:12:17.562Z] [LOG] Haciendo scroll para cargar más resultados...
[2026-02-18T07:12:23.569Z] [LOG] Extrayendo información de perfiles (página 1)...
[2026-02-18T07:12:23.571Z] [LOG] Perfiles encontrados en página 1: 10
[2026-02-18T07:12:25.585Z] [LOG] Paginador: 1 hoja(s) detectada(s).
[2026-02-18T07:12:25.585Z] [LOG] Perfiles encontrados después de extracción (todas las hojas): 10
[2026-02-18T07:12:25.586Z] [LOG]   Excluidos: 5 perfiles por estar en la lista de exclusiones
[2026-02-18T07:12:25.586Z] [LOG] [DEBUG searchPerson] maxResults=5, filteredProfiles.length=5
[2026-02-18T07:12:25.586Z] [LOG]   Obteniendo detalles completos de 5 perfiles...
[2026-02-18T07:12:25.586Z] [LOG]     [1/5] Jorge Valdivia
[2026-02-18T07:12:25.587Z] [LOG] Obteniendo detalles del perfil: https://www.linkedin.com/in/jorge-valdivia-75a3968/
[2026-02-18T07:12:30.117Z] [LOG]   URL del perfil: https://www.linkedin.com/in/jorge-valdivia-75a3968/
[2026-02-18T07:12:30.117Z] [LOG]   Cargando contenido completo del perfil...
[2026-02-18T07:12:34.033Z] [LOG]   Expandiendo secciones "Ver más"...
[2026-02-18T07:12:34.039Z] [LOG]   Sección de experiencia encontrada, expandiendo...
[2026-02-18T07:12:41.072Z] [LOG]   Haciendo scroll dentro de la sección de experiencia...
[2026-02-18T07:12:48.589Z] [LOG]   Buscando botón "Mostrar todas las experiencias"...
[2026-02-18T07:12:48.590Z] [LOG]   Encontrado botón "Mostrar todas las experiencias", navegando a: https://www.linkedin.com/in/jorge-valdivia-75a3968/overlay/urn:li:fsd_skill:(ACoAAAF66bYB99SqoACY43wYCx3hbfGn8BrwEDo,536562086)/skill-insights?profileUrn=urn%3Ali%3Afsd_profile%3AACoAAAF66bYB99SqoACY43wYCx3hbfGn8BrwEDo&tabIndex=0&modalTabIndex=0
[2026-02-18T07:12:56.234Z] [LOG]   Expandidas 0 descripciones
[2026-02-18T07:13:00.249Z] [LOG]   Intentando obtener información de contacto...
[2026-02-18T07:13:00.249Z] [LOG]   Navegando a modal de contacto: https://www.linkedin.com/in/jorge-valdivia-75a3968/overlay/contact-info/
[2026-02-18T07:13:04.398Z] [LOG]   Modal de contacto encontrado
[2026-02-18T07:13:04.400Z] [LOG]   Información de contacto extraída: email=N/A, teléfono=N/A, sitio=https://www.credential.net/72b737ef-8c35-453e-b655-4d19c9c8a3dc
[2026-02-18T07:13:07.553Z] [LOG]   Nombre del perfil extraído: Jorge Valdivia
[2026-02-18T07:13:07.553Z] [LOG]   Obteniendo experiencia desde: https://www.linkedin.com/in/jorge-valdivia-75a3968/details/experience/
[2026-02-18T07:13:15.022Z] [LOG]   Experiencia extraída desde details/experience: 7 entradas
[2026-02-18T07:13:18.087Z] [LOG]   Experiencia laboral tomada de /details/experience/: 7 entradas
[2026-02-18T07:13:20.091Z] [LOG]     [2/5] Miguel Angel Sam Marcos
[2026-02-18T07:13:20.091Z] [LOG] Obteniendo detalles del perfil: https://www.linkedin.com/in/miguelsam/
[2026-02-18T07:13:24.126Z] [LOG]   URL del perfil: https://www.linkedin.com/in/miguelsam/
[2026-02-18T07:13:24.127Z] [LOG]   Cargando contenido completo del perfil...
[2026-02-18T07:13:28.037Z] [LOG]   Expandiendo secciones "Ver más"...
[2026-02-18T07:13:28.044Z] [LOG]   Sección de experiencia encontrada, expandiendo...
[2026-02-18T07:13:35.077Z] [LOG]   Haciendo scroll dentro de la sección de experiencia...
[2026-02-18T07:13:42.600Z] [LOG]   Buscando botón "Mostrar todas las experiencias"...
[2026-02-18T07:13:42.602Z] [LOG]   No se encontró botón "Mostrar todas las experiencias"
[2026-02-18T07:13:44.616Z] [LOG]   Intentando obtener información de contacto...
[2026-02-18T07:13:44.617Z] [LOG]   Navegando a modal de contacto: https://www.linkedin.com/in/miguelsam/overlay/contact-info/
[2026-02-18T07:13:48.746Z] [LOG]   Modal de contacto encontrado
[2026-02-18T07:13:48.748Z] [LOG]   Información de contacto extraída: email=N/A, teléfono=N/A, sitio=https://learn.microsoft.com/api/credentials/share/es-mx/MiguelAngelSamMarcos-3831/CB128CDD09F3367F?sharingId=EBA79DE7023C9056
[2026-02-18T07:13:51.603Z] [LOG]   Nombre del perfil extraído: Miguel Angel Sam Marcos
[2026-02-18T07:13:51.604Z] [LOG]   Obteniendo experiencia desde: https://www.linkedin.com/in/miguelsam/details/experience/
[2026-02-18T07:13:59.308Z] [LOG]   Experiencia extraída desde details/experience: 5 entradas
[2026-02-18T07:14:02.348Z] [LOG]   Experiencia laboral tomada de /details/experience/: 5 entradas
[2026-02-18T07:14:04.349Z] [LOG]     [3/5] Juan Gualberto Aragón Gibaja
[2026-02-18T07:14:04.349Z] [LOG] Obteniendo detalles del perfil: https://www.linkedin.com/in/juan-gualberto-arag%C3%B3n-gibaja-25126425/
[2026-02-18T07:14:08.463Z] [LOG]   URL del perfil: https://www.linkedin.com/in/juan-gualberto-arag%C3%B3n-gibaja-25126425/
[2026-02-18T07:14:08.463Z] [LOG]   Cargando contenido completo del perfil...
[2026-02-18T07:14:12.376Z] [LOG]   Expandiendo secciones "Ver más"...
[2026-02-18T07:14:12.384Z] [LOG]   Sección de experiencia encontrada, expandiendo...
[2026-02-18T07:14:19.403Z] [LOG]   Haciendo scroll dentro de la sección de experiencia...
[2026-02-18T07:14:26.926Z] [LOG]   Buscando botón "Mostrar todas las experiencias"...
[2026-02-18T07:14:26.927Z] [LOG]   Encontrado botón "Mostrar todas las experiencias", navegando a: https://www.linkedin.com/in/juan-gualberto-arag%C3%B3n-gibaja-25126425/details/experience?profileUrn=urn%3Ali%3Afsd_profile%3AACoAAAUy6l0BBwc1IcrIZBW0qZtQmF-N77hggZ4
[2026-02-18T07:14:33.866Z] [LOG]   Expandidas 0 descripciones
[2026-02-18T07:14:37.868Z] [LOG]   Intentando obtener información de contacto...
[2026-02-18T07:14:37.868Z] [LOG]   Navegando a modal de contacto: https://www.linkedin.com/in/juan-gualberto-arag%C3%B3n-gibaja-25126425/overlay/contact-info/
[2026-02-18T07:14:42.003Z] [LOG]   Modal de contacto encontrado
[2026-02-18T07:14:42.005Z] [LOG]   Información de contacto extraída: email=N/A, teléfono=N/A, sitio=N/A
[2026-02-18T07:14:45.144Z] [LOG]   Nombre del perfil extraído: Juan Gualberto Aragón Gibaja
[2026-02-18T07:14:45.144Z] [LOG]   Obteniendo experiencia desde: https://www.linkedin.com/in/juan-gualberto-arag%C3%B3n-gibaja-25126425/details/experience/
[2026-02-18T07:14:52.771Z] [LOG]   Experiencia extraída desde details/experience: 0 entradas
[2026-02-18T07:14:58.012Z] [LOG]     [4/5] Jose Yupan
[2026-02-18T07:14:58.012Z] [LOG] Obteniendo detalles del perfil: https://www.linkedin.com/in/jose-yupan-4b86a831/
[2026-02-18T07:15:02.242Z] [LOG]   URL del perfil: https://www.linkedin.com/in/jose-yupan-4b86a831/
[2026-02-18T07:15:02.242Z] [LOG]   Cargando contenido completo del perfil...
[2026-02-18T07:15:06.161Z] [LOG]   Expandiendo secciones "Ver más"...
[2026-02-18T07:15:06.169Z] [LOG]   Sección de experiencia encontrada, expandiendo...
[2026-02-18T07:15:13.206Z] [LOG]   Haciendo scroll dentro de la sección de experiencia...
[2026-02-18T07:15:20.726Z] [LOG]   Buscando botón "Mostrar todas las experiencias"...
[2026-02-18T07:15:20.727Z] [LOG]   Encontrado botón "Mostrar todas las experiencias", navegando a: https://www.linkedin.com/in/jose-yupan-4b86a831/details/experience?profileUrn=urn%3Ali%3Afsd_profile%3AACoAAAav-swB6Oy5aNsRBWZjifRaTXWyXFRd49w
[2026-02-18T07:15:27.861Z] [LOG]   Expandidas 0 descripciones
[2026-02-18T07:15:31.865Z] [LOG]   Intentando obtener información de contacto...
[2026-02-18T07:15:31.865Z] [LOG]   Navegando a modal de contacto: https://www.linkedin.com/in/jose-yupan-4b86a831/overlay/contact-info/
[2026-02-18T07:15:36.406Z] [LOG]   Modal de contacto encontrado
[2026-02-18T07:15:36.408Z] [LOG]   Información de contacto extraída: email=N/A, teléfono=N/A, sitio=https://catalog-education.oracle.com/pls/certview/sharebadge?id=A8098E4735D01FB7F4163816B42945A9A14F01C6784F58CC64BF66F8CFCBEF82
[2026-02-18T07:15:39.766Z] [LOG]   Nombre del perfil extraído: Jose Yupan
[2026-02-18T07:15:39.766Z] [LOG]   Obteniendo experiencia desde: https://www.linkedin.com/in/jose-yupan-4b86a831/details/experience/
[2026-02-18T07:15:54.492Z] [LOG]   Experiencia extraída desde details/experience: 15 entradas
[2026-02-18T07:15:57.954Z] [LOG]   Experiencia laboral tomada de /details/experience/: 15 entradas
[2026-02-18T07:15:59.967Z] [LOG]     [5/5] Antonio Moreto
[2026-02-18T07:15:59.967Z] [LOG] Obteniendo detalles del perfil: https://www.linkedin.com/in/amoretof/
[2026-02-18T07:16:04.201Z] [LOG]   URL del perfil: https://www.linkedin.com/in/amoretof/
[2026-02-18T07:16:04.201Z] [LOG]   Cargando contenido completo del perfil...
[2026-02-18T07:16:08.114Z] [LOG]   Expandiendo secciones "Ver más"...
[2026-02-18T07:16:08.123Z] [LOG]   Sección de experiencia encontrada, expandiendo...
[2026-02-18T07:16:15.152Z] [LOG]   Haciendo scroll dentro de la sección de experiencia...
[2026-02-18T07:16:22.674Z] [LOG]   Buscando botón "Mostrar todas las experiencias"...
[2026-02-18T07:16:22.675Z] [LOG]   No se encontró botón "Mostrar todas las experiencias"
[2026-02-18T07:16:24.689Z] [LOG]   Intentando obtener información de contacto...
[2026-02-18T07:16:24.689Z] [LOG]   Navegando a modal de contacto: https://www.linkedin.com/in/amoretof/overlay/contact-info/
[2026-02-18T07:16:28.973Z] [LOG]   Modal de contacto encontrado
[2026-02-18T07:16:28.977Z] [LOG]   Información de contacto extraída: email=N/A, teléfono=N/A, sitio=N/A
[2026-02-18T07:16:32.550Z] [LOG]   Nombre del perfil extraído: Antonio Moreto
[2026-02-18T07:16:32.550Z] [LOG]   Obteniendo experiencia desde: https://www.linkedin.com/in/amoretof/details/experience/
[2026-02-18T07:16:40.564Z] [LOG]   Experiencia extraída desde details/experience: 4 entradas
[2026-02-18T07:16:44.161Z] [LOG]   Experiencia laboral tomada de /details/experience/: 4 entradas
[2026-02-18T07:16:44.161Z] [LOG] 
✓ Se encontraron 5 perfiles:

[2026-02-18T07:16:44.161Z] [LOG] 
--- Perfil 1 ---
[2026-02-18T07:16:44.161Z] [LOG] Nombre: Jorge Valdivia
[2026-02-18T07:16:44.161Z] [LOG] Título: N/A
[2026-02-18T07:16:44.161Z] [LOG] Ubicación: N/A
[2026-02-18T07:16:44.162Z] [LOG] URL: https://www.linkedin.com/in/jorge-valdivia-75a3968/
[2026-02-18T07:16:44.162Z] [LOG] ✓ Detalles completos obtenidos
[2026-02-18T07:16:44.162Z] [LOG] 
--- Perfil 2 ---
[2026-02-18T07:16:44.162Z] [LOG] Nombre: Miguel Angel Sam Marcos
[2026-02-18T07:16:44.162Z] [LOG] Título: N/A
[2026-02-18T07:16:44.162Z] [LOG] Ubicación: N/A
[2026-02-18T07:16:44.162Z] [LOG] URL: https://www.linkedin.com/in/miguelsam/
[2026-02-18T07:16:44.162Z] [LOG] ✓ Detalles completos obtenidos
[2026-02-18T07:16:44.162Z] [LOG] 
--- Perfil 3 ---
[2026-02-18T07:16:44.162Z] [LOG] Nombre: Juan Gualberto Aragón Gibaja
[2026-02-18T07:16:44.162Z] [LOG] Título: N/A
[2026-02-18T07:16:44.162Z] [LOG] Ubicación: N/A
[2026-02-18T07:16:44.162Z] [LOG] URL: https://www.linkedin.com/in/juan-gualberto-arag%C3%B3n-gibaja-25126425/
[2026-02-18T07:16:44.162Z] [LOG] ✓ Detalles completos obtenidos
[2026-02-18T07:16:44.162Z] [LOG] 
--- Perfil 4 ---
[2026-02-18T07:16:44.162Z] [LOG] Nombre: Jose Yupan
[2026-02-18T07:16:44.162Z] [LOG] Título: N/A
[2026-02-18T07:16:44.162Z] [LOG] Ubicación: N/A
[2026-02-18T07:16:44.162Z] [LOG] URL: https://www.linkedin.com/in/jose-yupan-4b86a831/
[2026-02-18T07:16:44.162Z] [LOG] ✓ Detalles completos obtenidos
[2026-02-18T07:16:44.162Z] [LOG] 
--- Perfil 5 ---
[2026-02-18T07:16:44.162Z] [LOG] Nombre: Antonio Moreto
[2026-02-18T07:16:44.162Z] [LOG] Título: N/A
[2026-02-18T07:16:44.162Z] [LOG] Ubicación: N/A
[2026-02-18T07:16:44.162Z] [LOG] URL: https://www.linkedin.com/in/amoretof/
[2026-02-18T07:16:44.162Z] [LOG] ✓ Detalles completos obtenidos
[2026-02-18T07:16:44.164Z] [LOG] 
✓ Resultados guardados en: resultados_Gerente_de_Tecnología_e_Innovación_1771399004162.json
[2026-02-18T07:16:44.164Z] [LOG] 
Cerrando navegador en 5 segundos...
[2026-02-18T07:16:49.176Z] [LOG] ✓ Cookies guardadas
[2026-02-18T07:16:49.544Z] [LOG] Navegador cerrado
[2026-02-18T07:16:49.544Z] EJECUCIÓN FINALIZADA

============================================================
[2026-02-18T08:02:41.901Z] EJECUCIÓN INICIADA - process.argv: C:\Users\pc\Documents\pruebaSccraping\index.js Director Financiero (CFO) --keywords=director financiero (cfo),director,financiero,cfo,mba,finanzas,diseñar,ejecutar,estrategia,lima, perú --max=3 --delay=2
============================================================
[2026-02-18T08:02:41.901Z] [LOG] Iniciando navegador...
[2026-02-18T08:02:43.034Z] [LOG] ✓ Cookies cargadas desde sesión anterior
[2026-02-18T08:02:43.034Z] [LOG] Verificando sesión activa...
[2026-02-18T08:02:50.942Z] [LOG] ✓ Sesión activa encontrada. Continuando sin login...
[2026-02-18T08:02:50.942Z] [LOG] [DEBUG] --max detectado: 3 perfiles máximo
[2026-02-18T08:02:50.942Z] [LOG] [DEBUG] process.argv: ["C:\\nvm4w\\nodejs\\node.exe","C:\\Users\\pc\\Documents\\pruebaSccraping\\index.js","Director Financiero (CFO)","--keywords=director financiero (cfo),director,financiero,cfo,mba,finanzas,diseñar,ejecutar,estrategia,lima, perú","--max=3","--delay=2"]
[2026-02-18T08:02:50.942Z] [LOG] 
=== Buscando: Director Financiero (CFO) ===

[2026-02-18T08:02:50.942Z] [LOG] Palabras clave para priorizar barrido: director financiero (cfo), director, financiero, cfo, mba, finanzas, diseñar, ejecutar, estrategia, lima, perú

[2026-02-18T08:02:50.943Z] [LOG] Buscando: Director Financiero (CFO)...
[2026-02-18T08:02:50.943Z] [LOG] Palabras clave para priorizar barrido: director financiero (cfo), director, financiero, cfo, mba, finanzas, diseñar, ejecutar, estrategia, lima, perú
[2026-02-18T08:02:50.943Z] [LOG] Query enviada a LinkedIn: Director Financiero (CFO) director financiero (cfo) director financiero cfo mba
[2026-02-18T08:02:52.766Z] [LOG] URL actual: https://www.linkedin.com/search/results/people/?keywords=Director%20Financiero%20(CFO)%20director%20financiero%20(cfo)%20director%20financiero%20cfo%20mba&origin=SWITCH_SEARCH_VERTICAL&geoUrn=%5B%22102927786%22%5D
[2026-02-18T08:02:52.766Z] [LOG] Esperando a que carguen los resultados...
[2026-02-18T08:02:52.913Z] [LOG] ✓ Contenedor de resultados encontrado
[2026-02-18T08:02:56.915Z] [LOG] Haciendo scroll para cargar más resultados...
[2026-02-18T08:03:02.935Z] [LOG] Extrayendo información de perfiles (página 1)...
[2026-02-18T08:03:02.937Z] [LOG] Perfiles encontrados en página 1: 10
[2026-02-18T08:03:04.950Z] [LOG] Paginador: 1 hoja(s) detectada(s).
[2026-02-18T08:03:04.950Z] [LOG] Perfiles encontrados después de extracción (todas las hojas): 10
[2026-02-18T08:03:04.951Z] [LOG] [DEBUG searchPerson] maxResults=3, filteredProfiles.length=10
[2026-02-18T08:03:04.951Z] [LOG] [DEBUG searchPerson] Aplicando límite: de 10 a 3
[2026-02-18T08:03:04.951Z] [LOG]   Obteniendo detalles completos de 3 perfiles...
[2026-02-18T08:03:04.951Z] [LOG]     [1/3] Luis Chipoco
[2026-02-18T08:03:04.952Z] [LOG] Obteniendo detalles del perfil: https://www.linkedin.com/in/luis-chipoco-0852a136/
[2026-02-18T08:03:09.829Z] [LOG]   URL del perfil: https://www.linkedin.com/in/luis-chipoco-0852a136/
[2026-02-18T08:03:09.829Z] [LOG]   Cargando contenido completo del perfil...
[2026-02-18T08:03:13.739Z] [LOG]   Expandiendo secciones "Ver más"...
[2026-02-18T08:03:13.745Z] [LOG]   Sección de experiencia encontrada, expandiendo...
[2026-02-18T08:03:20.774Z] [LOG]   Haciendo scroll dentro de la sección de experiencia...
[2026-02-18T08:03:28.295Z] [LOG]   Buscando botón "Mostrar todas las experiencias"...
[2026-02-18T08:03:28.296Z] [LOG]   Encontrado botón "Mostrar todas las experiencias", navegando a: https://www.linkedin.com/in/luis-chipoco-0852a136/details/experience?profileUrn=urn%3Ali%3Afsd_profile%3AACoAAAeEaSUBh_W6yzQlE4m78WH9FSLcgqOHBSc
[2026-02-18T08:03:35.971Z] [LOG]   Expandidas 0 descripciones
[2026-02-18T08:03:39.986Z] [LOG]   Intentando obtener información de contacto...
[2026-02-18T08:03:39.986Z] [LOG]   Navegando a modal de contacto: https://www.linkedin.com/in/luis-chipoco-0852a136/overlay/contact-info/
[2026-02-18T08:03:44.101Z] [LOG]   Modal de contacto encontrado
[2026-02-18T08:03:44.104Z] [LOG]   Información de contacto extraída: email=luarchip11@hotmail.com, teléfono=N/A, sitio=https://lnkd.in/dMjCUKcb
[2026-02-18T08:03:47.134Z] [LOG]   Nombre del perfil extraído: Luis Chipoco
[2026-02-18T08:03:47.134Z] [LOG]   Obteniendo experiencia desde: https://www.linkedin.com/in/luis-chipoco-0852a136/details/experience/
[2026-02-18T08:03:54.646Z] [LOG]   Experiencia extraída desde details/experience: 8 entradas
[2026-02-18T08:03:57.703Z] [LOG]   Experiencia laboral tomada de /details/experience/: 8 entradas
[2026-02-18T08:03:59.714Z] [LOG]     [2/3] Tony Pinedo
[2026-02-18T08:03:59.714Z] [LOG] Obteniendo detalles del perfil: https://www.linkedin.com/in/tony-pinedo-revilla/
[2026-02-18T08:04:03.809Z] [LOG]   URL del perfil: https://www.linkedin.com/in/tony-pinedo-revilla/
[2026-02-18T08:04:03.809Z] [LOG]   Cargando contenido completo del perfil...
[2026-02-18T08:04:07.718Z] [LOG]   Expandiendo secciones "Ver más"...
[2026-02-18T08:04:07.727Z] [LOG]   Sección de experiencia encontrada, expandiendo...
[2026-02-18T08:04:14.755Z] [LOG]   Haciendo scroll dentro de la sección de experiencia...
[2026-02-18T08:04:22.271Z] [LOG]   Buscando botón "Mostrar todas las experiencias"...
[2026-02-18T08:04:22.273Z] [LOG]   Encontrado botón "Mostrar todas las experiencias", navegando a: https://www.linkedin.com/in/tony-pinedo-revilla/details/experience?profileUrn=urn%3Ali%3Afsd_profile%3AACoAAAXCEwMBTjYcQsMi6PbGHu3NdJMHQfYuiMQ
[2026-02-18T08:04:36.419Z] [LOG]   Expandidas 0 descripciones
[2026-02-18T08:04:40.423Z] [LOG]   Intentando obtener información de contacto...
[2026-02-18T08:04:40.424Z] [LOG]   Navegando a modal de contacto: https://www.linkedin.com/in/tony-pinedo-revilla/overlay/contact-info/
[2026-02-18T08:04:44.542Z] [LOG]   Modal de contacto encontrado
[2026-02-18T08:04:44.544Z] [LOG]   Información de contacto extraída: email=tony.pinedo@gmail.com, teléfono=N/A, sitio=https://bit.ly/44J4T63
[2026-02-18T08:04:47.735Z] [LOG]   Nombre del perfil extraído: Tony Pinedo
[2026-02-18T08:04:47.736Z] [LOG]   Obteniendo experiencia desde: https://www.linkedin.com/in/tony-pinedo-revilla/details/experience/
[2026-02-18T08:04:55.477Z] [LOG]   Experiencia extraída desde details/experience: 11 entradas
[2026-02-18T08:04:58.730Z] [LOG]   Experiencia laboral tomada de /details/experience/: 11 entradas
[2026-02-18T08:05:00.744Z] [LOG]     [3/3] Juan Martín Valdivia
[2026-02-18T08:05:00.744Z] [LOG] Obteniendo detalles del perfil: https://www.linkedin.com/in/juanmartinv/
[2026-02-18T08:05:05.051Z] [LOG]   URL del perfil: https://www.linkedin.com/in/juanmartinv/
[2026-02-18T08:05:05.051Z] [LOG]   Cargando contenido completo del perfil...
[2026-02-18T08:05:08.962Z] [LOG]   Expandiendo secciones "Ver más"...
[2026-02-18T08:05:08.972Z] [LOG]   Sección de experiencia encontrada, expandiendo...
[2026-02-18T08:05:15.986Z] [LOG]   Haciendo scroll dentro de la sección de experiencia...
[2026-02-18T08:05:23.515Z] [LOG]   Buscando botón "Mostrar todas las experiencias"...
[2026-02-18T08:05:23.516Z] [LOG]   Encontrado botón "Mostrar todas las experiencias", navegando a: https://www.linkedin.com/in/juanmartinv/details/experience?profileUrn=urn%3Ali%3Afsd_profile%3AACoAAANc-_sB8vVD-RCUfZmWyAmaQCTiIzdRVZg
[2026-02-18T08:05:30.737Z] [LOG]   Expandidas 0 descripciones
[2026-02-18T08:05:34.737Z] [LOG]   Intentando obtener información de contacto...
[2026-02-18T08:05:34.737Z] [LOG]   Navegando a modal de contacto: https://www.linkedin.com/in/juanmartinv/overlay/contact-info/
[2026-02-18T08:05:39.041Z] [LOG]   Modal de contacto encontrado
[2026-02-18T08:05:39.044Z] [LOG]   Información de contacto extraída: email=N/A, teléfono=N/A, sitio=https://reut.rs/4bsr2vm
[2026-02-18T08:05:42.912Z] [LOG]   Nombre del perfil extraído: Juan Martín Valdivia
[2026-02-18T08:05:42.912Z] [LOG]   Obteniendo experiencia desde: https://www.linkedin.com/in/juanmartinv/details/experience/
[2026-02-18T08:05:50.901Z] [LOG]   Experiencia extraída desde details/experience: 12 entradas
[2026-02-18T08:05:54.036Z] [LOG]   Experiencia laboral tomada de /details/experience/: 12 entradas
[2026-02-18T08:05:54.036Z] [LOG] 
✓ Se encontraron 3 perfiles:

[2026-02-18T08:05:54.036Z] [LOG] 
--- Perfil 1 ---
[2026-02-18T08:05:54.036Z] [LOG] Nombre: Luis Chipoco
[2026-02-18T08:05:54.036Z] [LOG] Título: N/A
[2026-02-18T08:05:54.036Z] [LOG] Ubicación: N/A
[2026-02-18T08:05:54.036Z] [LOG] URL: https://www.linkedin.com/in/luis-chipoco-0852a136/
[2026-02-18T08:05:54.036Z] [LOG] ✓ Detalles completos obtenidos
[2026-02-18T08:05:54.036Z] [LOG] 
--- Perfil 2 ---
[2026-02-18T08:05:54.036Z] [LOG] Nombre: Tony Pinedo
[2026-02-18T08:05:54.036Z] [LOG] Título: N/A
[2026-02-18T08:05:54.036Z] [LOG] Ubicación: N/A
[2026-02-18T08:05:54.036Z] [LOG] URL: https://www.linkedin.com/in/tony-pinedo-revilla/
[2026-02-18T08:05:54.036Z] [LOG] ✓ Detalles completos obtenidos
[2026-02-18T08:05:54.037Z] [LOG] 
--- Perfil 3 ---
[2026-02-18T08:05:54.037Z] [LOG] Nombre: Juan Martín Valdivia
[2026-02-18T08:05:54.037Z] [LOG] Título: N/A
[2026-02-18T08:05:54.037Z] [LOG] Ubicación: N/A
[2026-02-18T08:05:54.037Z] [LOG] URL: https://www.linkedin.com/in/juanmartinv/
[2026-02-18T08:05:54.037Z] [LOG] ✓ Detalles completos obtenidos
[2026-02-18T08:05:54.038Z] [LOG] 
✓ Resultados guardados en: resultados_Director_Financiero_(CFO)_1771401954037.json
[2026-02-18T08:05:54.038Z] [LOG] 
Cerrando navegador en 5 segundos...
[2026-02-18T08:05:59.045Z] [LOG] ✓ Cookies guardadas
[2026-02-18T08:05:59.350Z] [LOG] Navegador cerrado
[2026-02-18T08:05:59.350Z] EJECUCIÓN FINALIZADA

============================================================
[2026-02-18T22:20:52.176Z] EJECUCIÓN INICIADA - process.argv: C:\Users\pc\Documents\pruebaSccraping\index.js Gerente de Tecnología --keywords=gerente de tecnología,gerente,tecnología,manager,mínima,buscamos,lima, perú --max=1 --exclude-urls=https://www.linkedin.com/in/carlos-chiri-342ab594,https://www.linkedin.com/in/jorge-pazos
============================================================
[2026-02-18T22:20:52.177Z] [LOG] Iniciando navegador...
[2026-02-18T22:20:53.494Z] [LOG] ✓ Cookies cargadas desde sesión anterior
[2026-02-18T22:20:53.494Z] [LOG] Verificando sesión activa...
[2026-02-18T22:21:01.949Z] [LOG] ✓ Sesión activa encontrada. Continuando sin login...
[2026-02-18T22:21:01.950Z] [LOG] Procesando URLs de exclusión directas...
[2026-02-18T22:21:01.950Z] [LOG] ✓ Procesadas 2 URLs de exclusión directas
[2026-02-18T22:21:01.950Z] [LOG]   1. https://www.linkedin.com/in/carlos-chiri-342ab594
[2026-02-18T22:21:01.950Z] [LOG]   2. https://www.linkedin.com/in/jorge-pazos
[2026-02-18T22:21:01.950Z] [LOG] [DEBUG] --max detectado: 1 perfiles máximo
[2026-02-18T22:21:01.950Z] [LOG] [DEBUG] process.argv: ["C:\\nvm4w\\nodejs\\node.exe","C:\\Users\\pc\\Documents\\pruebaSccraping\\index.js","Gerente de Tecnología","--keywords=gerente de tecnología,gerente,tecnología,manager,mínima,buscamos,lima, perú","--max=1","--exclude-urls=https://www.linkedin.com/in/carlos-chiri-342ab594,https://www.linkedin.com/in/jorge-pazos"]
[2026-02-18T22:21:01.951Z] [LOG] 
=== Buscando: Gerente de Tecnología ===

[2026-02-18T22:21:01.951Z] [LOG] Palabras clave para priorizar barrido: gerente de tecnología, gerente, tecnología, manager, mínima, buscamos, lima, perú

[2026-02-18T22:21:01.952Z] [LOG] Buscando: Gerente de Tecnología...
[2026-02-18T22:21:01.952Z] [LOG] Palabras clave para priorizar barrido: gerente de tecnología, gerente, tecnología, manager, mínima, buscamos, lima, perú
[2026-02-18T22:21:01.952Z] [LOG] Query enviada a LinkedIn: Gerente de Tecnología gerente de tecnología gerente tecnología manager mínima
[2026-02-18T22:21:03.357Z] [LOG] URL actual: https://www.linkedin.com/search/results/people/?keywords=Gerente%20de%20Tecnolog%C3%ADa%20gerente%20de%20tecnolog%C3%ADa%20gerente%20tecnolog%C3%ADa%20manager%20m%C3%ADnima&origin=SWITCH_SEARCH_VERTICAL&geoUrn=%5B%22102927786%22%5D
[2026-02-18T22:21:03.357Z] [LOG] Esperando a que carguen los resultados...
[2026-02-18T22:21:03.458Z] [LOG] ✓ Contenedor de resultados encontrado
[2026-02-18T22:21:07.463Z] [LOG] Haciendo scroll para cargar más resultados...
[2026-02-18T22:21:13.488Z] [LOG] Extrayendo información de perfiles (página 1)...
[2026-02-18T22:21:13.491Z] [LOG] Perfiles encontrados en página 1: 10
[2026-02-18T22:21:15.504Z] [LOG] Paginador: 1 hoja(s) detectada(s).
[2026-02-18T22:21:15.504Z] [LOG] Perfiles encontrados después de extracción (todas las hojas): 10
[2026-02-18T22:21:15.505Z] [LOG] [DEBUG searchPerson] maxResults=1, filteredProfiles.length=10
[2026-02-18T22:21:15.505Z] [LOG] [DEBUG searchPerson] Aplicando límite: de 10 a 1
[2026-02-18T22:21:15.505Z] [LOG]   Obteniendo detalles completos de 1 perfiles...
[2026-02-18T22:21:15.505Z] [LOG]     [1/1] Jose Paolo Granados Gonzalez
[2026-02-18T22:21:15.506Z] [LOG] Obteniendo detalles del perfil: https://www.linkedin.com/in/jose-paolo-granados-gonzalez/
[2026-02-18T22:21:20.373Z] [LOG]   URL del perfil: https://www.linkedin.com/in/jose-paolo-granados-gonzalez/
[2026-02-18T22:21:20.373Z] [LOG]   Cargando contenido completo del perfil...
[2026-02-18T22:21:24.288Z] [LOG]   Expandiendo secciones "Ver más"...
[2026-02-18T22:21:24.294Z] [LOG]   Sección de experiencia encontrada, expandiendo...
[2026-02-18T22:21:31.338Z] [LOG]   Haciendo scroll dentro de la sección de experiencia...
[2026-02-18T22:21:38.880Z] [LOG]   Buscando botón "Mostrar todas las experiencias"...
[2026-02-18T22:21:38.881Z] [LOG]   Encontrado botón "Mostrar todas las experiencias", navegando a: https://www.linkedin.com/in/jose-paolo-granados-gonzalez/details/experience?profileUrn=urn%3Ali%3Afsd_profile%3AACoAAAzQJskBplBwOV0UQCOIlxf-35Q_LK6DQ8I
[2026-02-18T22:21:46.642Z] [LOG]   Expandidas 0 descripciones
[2026-02-18T22:21:50.664Z] [LOG]   Intentando obtener información de contacto...
[2026-02-18T22:21:50.664Z] [LOG]   Navegando a modal de contacto: https://www.linkedin.com/in/jose-paolo-granados-gonzalez/overlay/contact-info/
[2026-02-18T22:21:54.818Z] [LOG]   Modal de contacto encontrado
[2026-02-18T22:21:54.821Z] [LOG]   Información de contacto extraída: email=N/A, teléfono=7963773089249, sitio=https://www.skillfront.com/Badges/79637730892491
[2026-02-18T22:21:57.904Z] [LOG]   Nombre del perfil extraído: Jose Paolo Granados Gonzalez
[2026-02-18T22:21:57.904Z] [LOG]   Obteniendo experiencia desde: https://www.linkedin.com/in/jose-paolo-granados-gonzalez/details/experience/
[2026-02-18T22:22:05.407Z] [LOG]   Experiencia extraída desde details/experience: 17 entradas
[2026-02-18T22:22:08.641Z] [LOG]   Experiencia laboral tomada de /details/experience/: 17 entradas
[2026-02-18T22:22:08.641Z] [LOG] 
✓ Se encontraron 1 perfiles:

[2026-02-18T22:22:08.642Z] [LOG] 
--- Perfil 1 ---
[2026-02-18T22:22:08.642Z] [LOG] Nombre: Jose Paolo Granados Gonzalez
[2026-02-18T22:22:08.642Z] [LOG] Título: N/A
[2026-02-18T22:22:08.642Z] [LOG] Ubicación: N/A
[2026-02-18T22:22:08.642Z] [LOG] URL: https://www.linkedin.com/in/jose-paolo-granados-gonzalez/
[2026-02-18T22:22:08.642Z] [LOG] ✓ Detalles completos obtenidos
[2026-02-18T22:22:08.643Z] [LOG] 
✓ Resultados guardados en: resultados_Gerente_de_Tecnología_1771453328642.json
[2026-02-18T22:22:08.643Z] [LOG] 
Cerrando navegador en 5 segundos...
[2026-02-18T22:22:13.657Z] [LOG] ✓ Cookies guardadas
[2026-02-18T22:22:14.067Z] [LOG] Navegador cerrado
[2026-02-18T22:22:14.067Z] EJECUCIÓN FINALIZADA

============================================================
[2026-02-18T22:28:13.579Z] EJECUCIÓN INICIADA - process.argv: C:\Users\pc\Documents\pruebaSccraping\index.js Gerente de Tecnología --keywords=gerente de tecnología,gerente,tecnología,manager,mínima,buscamos,lima, perú --max=5 --exclude-urls=https://www.linkedin.com/in/carlos-chiri-342ab594,https://www.linkedin.com/in/jorge-pazos,https://www.linkedin.com/in/jose-paolo-granados-gonzalez
============================================================
[2026-02-18T22:28:13.580Z] [LOG] Iniciando navegador...
[2026-02-18T22:28:14.066Z] [LOG] ✓ Cookies cargadas desde sesión anterior
[2026-02-18T22:28:14.066Z] [LOG] Verificando sesión activa...
[2026-02-18T22:28:22.652Z] [LOG] ✓ Sesión activa encontrada. Continuando sin login...
[2026-02-18T22:28:22.652Z] [LOG] Procesando URLs de exclusión directas...
[2026-02-18T22:28:22.652Z] [LOG] ✓ Procesadas 3 URLs de exclusión directas
[2026-02-18T22:28:22.652Z] [LOG]   1. https://www.linkedin.com/in/carlos-chiri-342ab594
[2026-02-18T22:28:22.652Z] [LOG]   2. https://www.linkedin.com/in/jorge-pazos
[2026-02-18T22:28:22.652Z] [LOG]   3. https://www.linkedin.com/in/jose-paolo-granados-gonzalez
[2026-02-18T22:28:22.652Z] [LOG] [DEBUG] --max detectado: 5 perfiles máximo
[2026-02-18T22:28:22.652Z] [LOG] [DEBUG] process.argv: ["C:\\nvm4w\\nodejs\\node.exe","C:\\Users\\pc\\Documents\\pruebaSccraping\\index.js","Gerente de Tecnología","--keywords=gerente de tecnología,gerente,tecnología,manager,mínima,buscamos,lima, perú","--max=5","--exclude-urls=https://www.linkedin.com/in/carlos-chiri-342ab594,https://www.linkedin.com/in/jorge-pazos,https://www.linkedin.com/in/jose-paolo-granados-gonzalez"]
[2026-02-18T22:28:22.653Z] [LOG] 
=== Buscando: Gerente de Tecnología ===

[2026-02-18T22:28:22.653Z] [LOG] Palabras clave para priorizar barrido: gerente de tecnología, gerente, tecnología, manager, mínima, buscamos, lima, perú

[2026-02-18T22:28:22.653Z] [LOG] Buscando: Gerente de Tecnología...
[2026-02-18T22:28:22.653Z] [LOG] Palabras clave para priorizar barrido: gerente de tecnología, gerente, tecnología, manager, mínima, buscamos, lima, perú
[2026-02-18T22:28:22.654Z] [LOG] Query enviada a LinkedIn: Gerente de Tecnología gerente de tecnología gerente tecnología manager mínima
[2026-02-18T22:28:24.201Z] [LOG] URL actual: https://www.linkedin.com/search/results/people/?keywords=Gerente%20de%20Tecnolog%C3%ADa%20gerente%20de%20tecnolog%C3%ADa%20gerente%20tecnolog%C3%ADa%20manager%20m%C3%ADnima&origin=SWITCH_SEARCH_VERTICAL&geoUrn=%5B%22102927786%22%5D
[2026-02-18T22:28:24.202Z] [LOG] Esperando a que carguen los resultados...
[2026-02-18T22:28:24.305Z] [LOG] ✓ Contenedor de resultados encontrado
[2026-02-18T22:28:28.314Z] [LOG] Haciendo scroll para cargar más resultados...
[2026-02-18T22:28:34.345Z] [LOG] Extrayendo información de perfiles (página 1)...
[2026-02-18T22:28:34.349Z] [LOG] Perfiles encontrados en página 1: 10
[2026-02-18T22:28:36.351Z] [LOG] Paginador: 1 hoja(s) detectada(s).
[2026-02-18T22:28:36.352Z] [LOG] Perfiles encontrados después de extracción (todas las hojas): 10
[2026-02-18T22:28:36.352Z] [LOG]   Excluidos: 1 perfiles por estar en la lista de exclusiones
[2026-02-18T22:28:36.352Z] [LOG] [DEBUG searchPerson] maxResults=5, filteredProfiles.length=9
[2026-02-18T22:28:36.352Z] [LOG] [DEBUG searchPerson] Aplicando límite: de 9 a 5
[2026-02-18T22:28:36.352Z] [LOG]   Obteniendo detalles completos de 5 perfiles...
[2026-02-18T22:28:36.352Z] [LOG]     [1/5] Ricardo Zegarra Morales (PMI, ITIL, COBIT, CISSP, SCRUM)
[2026-02-18T22:28:36.354Z] [LOG] Obteniendo detalles del perfil: https://www.linkedin.com/in/ricardo-zegarra-morales/
[2026-02-18T22:28:41.180Z] [LOG]   URL del perfil: https://www.linkedin.com/in/ricardo-zegarra-morales/
[2026-02-18T22:28:41.181Z] [LOG]   Cargando contenido completo del perfil...
[2026-02-18T22:28:45.089Z] [LOG]   Expandiendo secciones "Ver más"...
[2026-02-18T22:28:45.095Z] [LOG]   Sección de experiencia encontrada, expandiendo...
[2026-02-18T22:28:52.130Z] [LOG]   Haciendo scroll dentro de la sección de experiencia...
[2026-02-18T22:28:59.672Z] [LOG]   Buscando botón "Mostrar todas las experiencias"...
[2026-02-18T22:28:59.673Z] [LOG]   Encontrado botón "Mostrar todas las experiencias", navegando a: https://www.linkedin.com/in/ricardo-zegarra-morales/details/experience?profileUrn=urn%3Ali%3Afsd_profile%3AACoAAAif96EBGBQTJV2312qRcdc4Lv5ZFReUbzg
[2026-02-18T22:29:07.445Z] [LOG]   Expandidas 0 descripciones
[2026-02-18T22:29:11.460Z] [LOG]   Intentando obtener información de contacto...
[2026-02-18T22:29:11.461Z] [LOG]   Navegando a modal de contacto: https://www.linkedin.com/in/ricardo-zegarra-morales/overlay/contact-info/
[2026-02-18T22:29:15.650Z] [LOG]   Modal de contacto encontrado
[2026-02-18T22:29:15.653Z] [LOG]   Información de contacto extraída: email=N/A, teléfono=N/A, sitio=N/A
[2026-02-18T22:29:18.808Z] [LOG]   Nombre del perfil extraído: Ricardo Zegarra Morales (PMI, ITIL, COBIT, CISSP, SCRUM)
[2026-02-18T22:29:18.809Z] [LOG]   Obteniendo experiencia desde: https://www.linkedin.com/in/ricardo-zegarra-morales/details/experience/
[2026-02-18T22:29:26.612Z] [LOG]   Experiencia extraída desde details/experience: 14 entradas
[2026-02-18T22:29:29.767Z] [LOG]   Experiencia laboral tomada de /details/experience/: 14 entradas
[2026-02-18T22:29:31.774Z] [LOG]     [2/5] Rodolfo Vilchez
[2026-02-18T22:29:31.774Z] [LOG] Obteniendo detalles del perfil: https://www.linkedin.com/in/rodolfovilchez/
[2026-02-18T22:29:36.382Z] [LOG]   URL del perfil: https://www.linkedin.com/in/rodolfovilchez/
[2026-02-18T22:29:36.382Z] [LOG]   Cargando contenido completo del perfil...
[2026-02-18T22:29:40.291Z] [LOG]   Expandiendo secciones "Ver más"...
[2026-02-18T22:29:40.302Z] [LOG]   Sección de experiencia encontrada, expandiendo...
[2026-02-18T22:29:47.321Z] [LOG]   Haciendo scroll dentro de la sección de experiencia...
[2026-02-18T22:29:54.857Z] [LOG]   Buscando botón "Mostrar todas las experiencias"...
[2026-02-18T22:29:54.858Z] [LOG]   Encontrado botón "Mostrar todas las experiencias", navegando a: https://www.linkedin.com/in/rodolfovilchez/details/experience?profileUrn=urn%3Ali%3Afsd_profile%3AACoAAAA9PvEBRruyS6-d2aWr3P_M_UUHwYKXStU
[2026-02-18T22:30:01.934Z] [LOG]   Expandidas 0 descripciones
[2026-02-18T22:30:05.963Z] [LOG]   Intentando obtener información de contacto...
[2026-02-18T22:30:05.963Z] [LOG]   Navegando a modal de contacto: https://www.linkedin.com/in/rodolfovilchez/overlay/contact-info/
[2026-02-18T22:30:10.289Z] [LOG]   Modal de contacto encontrado
[2026-02-18T22:30:10.291Z] [LOG]   Información de contacto extraída: email=N/A, teléfono=N/A, sitio=https://www.credly.com/badges/d985f60d-4799-4bd8-9fa8-a85a5a66fd5f/linked_in_profile
[2026-02-18T22:30:13.735Z] [LOG]   Nombre del perfil extraído: Rodolfo Vilchez
[2026-02-18T22:30:13.735Z] [LOG]   Obteniendo experiencia desde: https://www.linkedin.com/in/rodolfovilchez/details/experience/
[2026-02-18T22:30:21.622Z] [LOG]   Experiencia extraída desde details/experience: 16 entradas
[2026-02-18T22:30:25.509Z] [LOG]   Experiencia laboral tomada de /details/experience/: 16 entradas
[2026-02-18T22:30:27.513Z] [LOG]     [3/5] Sylvia Fernanda Regalado Ruiz 🇵🇪
[2026-02-18T22:30:27.514Z] [LOG] Obteniendo detalles del perfil: https://www.linkedin.com/in/sylvia-fernanda-regalado-ruiz/
[2026-02-18T22:30:31.648Z] [LOG]   URL del perfil: https://www.linkedin.com/in/sylvia-fernanda-regalado-ruiz/
[2026-02-18T22:30:31.648Z] [LOG]   Cargando contenido completo del perfil...
[2026-02-18T22:30:35.551Z] [LOG]   Expandiendo secciones "Ver más"...
[2026-02-18T22:30:35.560Z] [LOG]   Sección de experiencia encontrada, expandiendo...
[2026-02-18T22:30:42.578Z] [LOG]   Haciendo scroll dentro de la sección de experiencia...
[2026-02-18T22:30:50.102Z] [LOG]   Buscando botón "Mostrar todas las experiencias"...
[2026-02-18T22:30:50.103Z] [LOG]   Encontrado botón "Mostrar todas las experiencias", navegando a: https://www.linkedin.com/in/sylvia-fernanda-regalado-ruiz/details/experience?profileUrn=urn%3Ali%3Afsd_profile%3AACoAAA9d5x4BnXh9741pr7_-q_WwhRHapL_ZTVM
[2026-02-18T22:30:57.272Z] [LOG]   Expandidas 0 descripciones
[2026-02-18T22:31:01.278Z] [LOG]   Intentando obtener información de contacto...
[2026-02-18T22:31:01.278Z] [LOG]   Navegando a modal de contacto: https://www.linkedin.com/in/sylvia-fernanda-regalado-ruiz/overlay/contact-info/
[2026-02-18T22:31:05.808Z] [LOG]   Modal de contacto encontrado
[2026-02-18T22:31:05.812Z] [LOG]   Información de contacto extraída: email=N/A, teléfono=N/A, sitio=N/A
[2026-02-18T22:31:09.129Z] [LOG]   Nombre del perfil extraído: Sylvia Fernanda Regalado Ruiz 🇵🇪
[2026-02-18T22:31:09.129Z] [LOG]   Obteniendo experiencia desde: https://www.linkedin.com/in/sylvia-fernanda-regalado-ruiz/details/experience/
[2026-02-18T22:31:17.166Z] [LOG]   Experiencia extraída desde details/experience: 9 entradas
[2026-02-18T22:31:20.949Z] [LOG]   Experiencia laboral tomada de /details/experience/: 9 entradas
[2026-02-18T22:31:22.961Z] [LOG]     [4/5] Geraldine Soria Peralta
[2026-02-18T22:31:22.962Z] [LOG] Obteniendo detalles del perfil: https://www.linkedin.com/in/geraldine-soria-peralta/
[2026-02-18T22:31:27.556Z] [LOG]   URL del perfil: https://www.linkedin.com/in/geraldine-soria-peralta/
[2026-02-18T22:31:27.557Z] [LOG]   Cargando contenido completo del perfil...
[2026-02-18T22:31:31.467Z] [LOG]   Expandiendo secciones "Ver más"...
[2026-02-18T22:31:31.476Z] [LOG]   Sección de experiencia encontrada, expandiendo...
[2026-02-18T22:31:38.505Z] [LOG]   Haciendo scroll dentro de la sección de experiencia...
[2026-02-18T22:31:46.049Z] [LOG]   Buscando botón "Mostrar todas las experiencias"...
[2026-02-18T22:31:46.050Z] [LOG]   Encontrado botón "Mostrar todas las experiencias", navegando a: https://www.linkedin.com/in/geraldine-soria-peralta/details/experience?profileUrn=urn%3Ali%3Afsd_profile%3AACoAAAxOM50BK8-2ziAjlvJAROuc-GyOmA2Nohs
[2026-02-18T22:31:53.477Z] [LOG]   Expandidas 0 descripciones
[2026-02-18T22:31:57.498Z] [LOG]   Intentando obtener información de contacto...
[2026-02-18T22:31:57.499Z] [LOG]   Navegando a modal de contacto: https://www.linkedin.com/in/geraldine-soria-peralta/overlay/contact-info/
[2026-02-18T22:32:02.247Z] [LOG]   Modal de contacto encontrado
[2026-02-18T22:32:02.251Z] [LOG]   Información de contacto extraída: email=gisp_geral@hotmail.com, teléfono=N/A, sitio=N/A
[2026-02-18T22:32:06.214Z] [LOG]   Nombre del perfil extraído: Geraldine Soria Peralta
[2026-02-18T22:32:06.215Z] [LOG]   Obteniendo experiencia desde: https://www.linkedin.com/in/geraldine-soria-peralta/details/experience/
[2026-02-18T22:32:14.514Z] [LOG]   Experiencia extraída desde details/experience: 0 entradas
[2026-02-18T22:32:20.560Z] [LOG]     [5/5] Daniel Rivera
[2026-02-18T22:32:20.560Z] [LOG] Obteniendo detalles del perfil: https://www.linkedin.com/in/daniel-rivera-22086b39/
[2026-02-18T22:32:25.382Z] [LOG]   URL del perfil: https://www.linkedin.com/in/daniel-rivera-22086b39/
[2026-02-18T22:32:25.382Z] [LOG]   Cargando contenido completo del perfil...
[2026-02-18T22:32:29.301Z] [LOG]   Expandiendo secciones "Ver más"...
[2026-02-18T22:32:29.311Z] [LOG]   Sección de experiencia encontrada, expandiendo...
[2026-02-18T22:32:36.342Z] [LOG]   Haciendo scroll dentro de la sección de experiencia...
[2026-02-18T22:32:43.881Z] [LOG]   Buscando botón "Mostrar todas las experiencias"...
[2026-02-18T22:32:43.883Z] [LOG]   Encontrado botón "Mostrar todas las experiencias", navegando a: https://www.linkedin.com/in/daniel-rivera-22086b39/details/experience?profileUrn=urn%3Ali%3Afsd_profile%3AACoAAAgi4XgBdvXeypxfTPtXlGyZ8CowXyI9mDE
[2026-02-18T22:32:51.525Z] [LOG]   Expandidas 0 descripciones
[2026-02-18T22:32:55.535Z] [LOG]   Intentando obtener información de contacto...
[2026-02-18T22:32:55.535Z] [LOG]   Navegando a modal de contacto: https://www.linkedin.com/in/daniel-rivera-22086b39/overlay/contact-info/
[2026-02-18T22:33:00.420Z] [LOG]   Modal de contacto encontrado
[2026-02-18T22:33:00.424Z] [LOG]   Información de contacto extraída: email=N/A, teléfono=N/A, sitio=N/A
[2026-02-18T22:33:04.615Z] [LOG]   Nombre del perfil extraído: Daniel Rivera
[2026-02-18T22:33:04.615Z] [LOG]   Obteniendo experiencia desde: https://www.linkedin.com/in/daniel-rivera-22086b39/details/experience/
[2026-02-18T22:33:13.107Z] [LOG]   Experiencia extraída desde details/experience: 0 entradas
[2026-02-18T22:33:17.167Z] [LOG] 
✓ Se encontraron 5 perfiles:

[2026-02-18T22:33:17.167Z] [LOG] 
--- Perfil 1 ---
[2026-02-18T22:33:17.168Z] [LOG] Nombre: Ricardo Zegarra Morales (PMI, ITIL, COBIT, CISSP, SCRUM)
[2026-02-18T22:33:17.168Z] [LOG] Título: N/A
[2026-02-18T22:33:17.168Z] [LOG] Ubicación: N/A
[2026-02-18T22:33:17.168Z] [LOG] URL: https://www.linkedin.com/in/ricardo-zegarra-morales/
[2026-02-18T22:33:17.168Z] [LOG] ✓ Detalles completos obtenidos
[2026-02-18T22:33:17.168Z] [LOG] 
--- Perfil 2 ---
[2026-02-18T22:33:17.168Z] [LOG] Nombre: Rodolfo Vilchez
[2026-02-18T22:33:17.168Z] [LOG] Título: N/A
[2026-02-18T22:33:17.168Z] [LOG] Ubicación: N/A
[2026-02-18T22:33:17.168Z] [LOG] URL: https://www.linkedin.com/in/rodolfovilchez/
[2026-02-18T22:33:17.168Z] [LOG] ✓ Detalles completos obtenidos
[2026-02-18T22:33:17.168Z] [LOG] 
--- Perfil 3 ---
[2026-02-18T22:33:17.168Z] [LOG] Nombre: Sylvia Fernanda Regalado Ruiz 🇵🇪
[2026-02-18T22:33:17.168Z] [LOG] Título: N/A
[2026-02-18T22:33:17.168Z] [LOG] Ubicación: N/A
[2026-02-18T22:33:17.168Z] [LOG] URL: https://www.linkedin.com/in/sylvia-fernanda-regalado-ruiz/
[2026-02-18T22:33:17.168Z] [LOG] ✓ Detalles completos obtenidos
[2026-02-18T22:33:17.168Z] [LOG] 
--- Perfil 4 ---
[2026-02-18T22:33:17.168Z] [LOG] Nombre: Geraldine Soria Peralta
[2026-02-18T22:33:17.168Z] [LOG] Título: N/A
[2026-02-18T22:33:17.168Z] [LOG] Ubicación: N/A
[2026-02-18T22:33:17.168Z] [LOG] URL: https://www.linkedin.com/in/geraldine-soria-peralta/
[2026-02-18T22:33:17.168Z] [LOG] ✓ Detalles completos obtenidos
[2026-02-18T22:33:17.168Z] [LOG] 
--- Perfil 5 ---
[2026-02-18T22:33:17.168Z] [LOG] Nombre: Daniel Rivera
[2026-02-18T22:33:17.168Z] [LOG] Título: N/A
[2026-02-18T22:33:17.168Z] [LOG] Ubicación: N/A
[2026-02-18T22:33:17.168Z] [LOG] URL: https://www.linkedin.com/in/daniel-rivera-22086b39/
[2026-02-18T22:33:17.168Z] [LOG] ✓ Detalles completos obtenidos
[2026-02-18T22:33:17.171Z] [LOG] 
✓ Resultados guardados en: resultados_Gerente_de_Tecnología_1771453997168.json
[2026-02-18T22:33:17.171Z] [LOG] 
Cerrando navegador en 5 segundos...
[2026-02-18T22:33:22.187Z] [LOG] ✓ Cookies guardadas
[2026-02-18T22:33:22.579Z] [LOG] Navegador cerrado
[2026-02-18T22:33:22.579Z] EJECUCIÓN FINALIZADA

============================================================
[2026-02-19T16:10:40.066Z] EJECUCIÓN INICIADA - process.argv: C:\Users\pc\Documents\pruebaSccraping\index.js Gerente de Tecnología --keywords=gerente de tecnología,gerente,tecnología,manager,mínima,buscamos,lima, perú --max=5
============================================================
[2026-02-19T16:10:40.067Z] [LOG] Iniciando navegador...
[2026-02-19T16:10:41.315Z] [LOG] ✓ Cookies cargadas desde sesión anterior
[2026-02-19T16:10:41.316Z] [LOG] Verificando sesión activa...
[2026-02-19T16:10:50.407Z] [LOG] ✓ Sesión activa encontrada. Continuando sin login...
[2026-02-19T16:10:50.408Z] [LOG] [DEBUG] --max detectado: 5 perfiles máximo
[2026-02-19T16:10:50.408Z] [LOG] [DEBUG] process.argv: ["C:\\nvm4w\\nodejs\\node.exe","C:\\Users\\pc\\Documents\\pruebaSccraping\\index.js","Gerente de Tecnología","--keywords=gerente de tecnología,gerente,tecnología,manager,mínima,buscamos,lima, perú","--max=5"]
[2026-02-19T16:10:50.408Z] [LOG] 
=== Buscando: Gerente de Tecnología ===

[2026-02-19T16:10:50.408Z] [LOG] Palabras clave para priorizar barrido: gerente de tecnología, gerente, tecnología, manager, mínima, buscamos, lima, perú

[2026-02-19T16:10:50.409Z] [LOG] Buscando: Gerente de Tecnología...
[2026-02-19T16:10:50.409Z] [LOG] Palabras clave para priorizar barrido: gerente de tecnología, gerente, tecnología, manager, mínima, buscamos, lima, perú
[2026-02-19T16:10:50.409Z] [LOG] Query enviada a LinkedIn: Gerente de Tecnología gerente de tecnología gerente tecnología manager mínima
[2026-02-19T16:10:52.036Z] [LOG] URL actual: https://www.linkedin.com/search/results/people/?keywords=Gerente%20de%20Tecnolog%C3%ADa%20gerente%20de%20tecnolog%C3%ADa%20gerente%20tecnolog%C3%ADa%20manager%20m%C3%ADnima&origin=SWITCH_SEARCH_VERTICAL&geoUrn=%5B%22102927786%22%5D
[2026-02-19T16:10:52.037Z] [LOG] Esperando a que carguen los resultados...
[2026-02-19T16:10:52.349Z] [LOG] ✓ Contenedor de resultados encontrado
[2026-02-19T16:10:56.362Z] [LOG] Haciendo scroll para cargar más resultados...
[2026-02-19T16:11:02.381Z] [LOG] Extrayendo información de perfiles (página 1)...
[2026-02-19T16:11:02.383Z] [LOG] Perfiles encontrados en página 1: 10
[2026-02-19T16:11:04.397Z] [LOG] Paginador: 1 hoja(s) detectada(s).
[2026-02-19T16:11:04.398Z] [LOG] Perfiles encontrados después de extracción (todas las hojas): 10
[2026-02-19T16:11:04.398Z] [LOG] [DEBUG searchPerson] maxResults=5, filteredProfiles.length=10
[2026-02-19T16:11:04.398Z] [LOG] [DEBUG searchPerson] Aplicando límite: de 10 a 5
[2026-02-19T16:11:04.398Z] [LOG]   Obteniendo detalles completos de 5 perfiles...
[2026-02-19T16:11:04.398Z] [LOG]     [1/5] Jose Paolo Granados Gonzalez
[2026-02-19T16:11:04.399Z] [LOG] Obteniendo detalles del perfil: https://www.linkedin.com/in/jose-paolo-granados-gonzalez/
[2026-02-19T16:11:09.483Z] [LOG]   URL del perfil: https://www.linkedin.com/in/jose-paolo-granados-gonzalez/
[2026-02-19T16:11:09.484Z] [LOG]   Cargando contenido completo del perfil...
[2026-02-19T16:11:13.409Z] [LOG]   Expandiendo secciones "Ver más"...
[2026-02-19T16:11:13.415Z] [LOG]   Sección de experiencia encontrada, expandiendo...
[2026-02-19T16:11:20.446Z] [LOG]   Haciendo scroll dentro de la sección de experiencia...
[2026-02-19T16:11:27.991Z] [LOG]   Buscando botón "Mostrar todas las experiencias"...
[2026-02-19T16:11:27.995Z] [LOG]   Encontrado botón "Mostrar todas las experiencias", navegando a: https://www.linkedin.com/in/jose-paolo-granados-gonzalez/details/experience?profileUrn=urn%3Ali%3Afsd_profile%3AACoAAAzQJskBplBwOV0UQCOIlxf-35Q_LK6DQ8I
[2026-02-19T16:11:35.836Z] [LOG]   Expandidas 0 descripciones
[2026-02-19T16:11:39.857Z] [LOG]   Intentando obtener información de contacto...
[2026-02-19T16:11:39.857Z] [LOG]   Navegando a modal de contacto: https://www.linkedin.com/in/jose-paolo-granados-gonzalez/overlay/contact-info/
[2026-02-19T16:11:44.275Z] [LOG]   Modal de contacto encontrado
[2026-02-19T16:11:44.283Z] [LOG]   Información de contacto extraída: email=N/A, teléfono=7963773089249, sitio=https://www.skillfront.com/Badges/79637730892491
[2026-02-19T16:11:47.531Z] [LOG]   Nombre del perfil extraído: Jose Paolo Granados Gonzalez
[2026-02-19T16:11:47.531Z] [LOG]   Obteniendo experiencia desde: https://www.linkedin.com/in/jose-paolo-granados-gonzalez/details/experience/
[2026-02-19T16:11:55.150Z] [LOG]   Experiencia extraída desde details/experience: 17 entradas
[2026-02-19T16:11:58.419Z] [LOG]   Experiencia laboral tomada de /details/experience/: 17 entradas
[2026-02-19T16:12:00.419Z] [LOG]     [2/5] Ricardo Zegarra Morales (PMI, ITIL, COBIT, CISSP, SCRUM)
[2026-02-19T16:12:00.420Z] [LOG] Obteniendo detalles del perfil: https://www.linkedin.com/in/ricardo-zegarra-morales/
[2026-02-19T16:12:04.336Z] [LOG]   URL del perfil: https://www.linkedin.com/in/ricardo-zegarra-morales/
[2026-02-19T16:12:04.336Z] [LOG]   Cargando contenido completo del perfil...
[2026-02-19T16:12:08.254Z] [LOG]   Expandiendo secciones "Ver más"...
[2026-02-19T16:12:08.263Z] [LOG]   Sección de experiencia encontrada, expandiendo...
[2026-02-19T16:12:15.300Z] [LOG]   Haciendo scroll dentro de la sección de experiencia...
[2026-02-19T16:12:22.818Z] [LOG]   Buscando botón "Mostrar todas las experiencias"...
[2026-02-19T16:12:22.819Z] [LOG]   Encontrado botón "Mostrar todas las experiencias", navegando a: https://www.linkedin.com/in/ricardo-zegarra-morales/details/experience?profileUrn=urn%3Ali%3Afsd_profile%3AACoAAAif96EBGBQTJV2312qRcdc4Lv5ZFReUbzg
[2026-02-19T16:12:29.983Z] [LOG]   Expandidas 0 descripciones
[2026-02-19T16:12:33.991Z] [LOG]   Intentando obtener información de contacto...
[2026-02-19T16:12:33.992Z] [LOG]   Navegando a modal de contacto: https://www.linkedin.com/in/ricardo-zegarra-morales/overlay/contact-info/
[2026-02-19T16:12:38.188Z] [LOG]   Modal de contacto encontrado
[2026-02-19T16:12:38.191Z] [LOG]   Información de contacto extraída: email=N/A, teléfono=N/A, sitio=N/A
[2026-02-19T16:12:41.124Z] [LOG]   Nombre del perfil extraído: Ricardo Zegarra Morales (PMI, ITIL, COBIT, CISSP, SCRUM)
[2026-02-19T16:12:41.124Z] [LOG]   Obteniendo experiencia desde: https://www.linkedin.com/in/ricardo-zegarra-morales/details/experience/
[2026-02-19T16:12:48.789Z] [LOG]   Experiencia extraída desde details/experience: 14 entradas
[2026-02-19T16:12:52.116Z] [LOG]   Experiencia laboral tomada de /details/experience/: 14 entradas
[2026-02-19T16:12:54.130Z] [LOG]     [3/5] Rodolfo Vilchez
[2026-02-19T16:12:54.130Z] [LOG] Obteniendo detalles del perfil: https://www.linkedin.com/in/rodolfovilchez/
[2026-02-19T16:12:58.445Z] [LOG]   URL del perfil: https://www.linkedin.com/in/rodolfovilchez/
[2026-02-19T16:12:58.445Z] [LOG]   Cargando contenido completo del perfil...
[2026-02-19T16:13:02.360Z] [LOG]   Expandiendo secciones "Ver más"...
[2026-02-19T16:13:02.369Z] [LOG]   Sección de experiencia encontrada, expandiendo...
[2026-02-19T16:13:09.400Z] [LOG]   Haciendo scroll dentro de la sección de experiencia...
[2026-02-19T16:13:16.932Z] [LOG]   Buscando botón "Mostrar todas las experiencias"...
[2026-02-19T16:13:16.933Z] [LOG]   Encontrado botón "Mostrar todas las experiencias", navegando a: https://www.linkedin.com/in/rodolfovilchez/details/experience?profileUrn=urn%3Ali%3Afsd_profile%3AACoAAAA9PvEBRruyS6-d2aWr3P_M_UUHwYKXStU
[2026-02-19T16:13:23.992Z] [LOG]   Expandidas 0 descripciones
[2026-02-19T16:13:28.002Z] [LOG]   Intentando obtener información de contacto...
[2026-02-19T16:13:28.003Z] [LOG]   Navegando a modal de contacto: https://www.linkedin.com/in/rodolfovilchez/overlay/contact-info/
[2026-02-19T16:13:32.381Z] [LOG]   Modal de contacto encontrado
[2026-02-19T16:13:32.393Z] [LOG]   Información de contacto extraída: email=N/A, teléfono=N/A, sitio=https://www.credly.com/badges/d985f60d-4799-4bd8-9fa8-a85a5a66fd5f/linked_in_profile
[2026-02-19T16:13:35.927Z] [LOG]   Nombre del perfil extraído: Rodolfo Vilchez
[2026-02-19T16:13:35.927Z] [LOG]   Obteniendo experiencia desde: https://www.linkedin.com/in/rodolfovilchez/details/experience/
[2026-02-19T16:13:43.880Z] [LOG]   Experiencia extraída desde details/experience: 0 entradas
[2026-02-19T16:13:56.557Z] [LOG]     [4/5] Sylvia Fernanda Regalado Ruiz 🇵🇪
[2026-02-19T16:13:56.557Z] [LOG] Obteniendo detalles del perfil: https://www.linkedin.com/in/sylvia-fernanda-regalado-ruiz/
[2026-02-19T16:14:01.057Z] [LOG]   URL del perfil: https://www.linkedin.com/in/sylvia-fernanda-regalado-ruiz/
[2026-02-19T16:14:01.057Z] [LOG]   Cargando contenido completo del perfil...
[2026-02-19T16:14:04.973Z] [LOG]   Expandiendo secciones "Ver más"...
[2026-02-19T16:14:04.983Z] [LOG]   Sección de experiencia encontrada, expandiendo...
[2026-02-19T16:14:12.018Z] [LOG]   Haciendo scroll dentro de la sección de experiencia...
[2026-02-19T16:14:19.556Z] [LOG]   Buscando botón "Mostrar todas las experiencias"...
[2026-02-19T16:14:19.557Z] [LOG]   Encontrado botón "Mostrar todas las experiencias", navegando a: https://www.linkedin.com/in/sylvia-fernanda-regalado-ruiz/details/experience?profileUrn=urn%3Ali%3Afsd_profile%3AACoAAA9d5x4BnXh9741pr7_-q_WwhRHapL_ZTVM
[2026-02-19T16:14:26.782Z] [LOG]   Expandidas 0 descripciones
[2026-02-19T16:14:30.786Z] [LOG]   Intentando obtener información de contacto...
[2026-02-19T16:14:30.786Z] [LOG]   Navegando a modal de contacto: https://www.linkedin.com/in/sylvia-fernanda-regalado-ruiz/overlay/contact-info/
[2026-02-19T16:14:35.387Z] [LOG]   Modal de contacto encontrado
[2026-02-19T16:14:35.392Z] [LOG]   Información de contacto extraída: email=N/A, teléfono=N/A, sitio=N/A
[2026-02-19T16:14:38.993Z] [LOG]   Nombre del perfil extraído: Sylvia Fernanda Regalado Ruiz 🇵🇪
[2026-02-19T16:14:38.993Z] [LOG]   Obteniendo experiencia desde: https://www.linkedin.com/in/sylvia-fernanda-regalado-ruiz/details/experience/
[2026-02-19T16:14:47.082Z] [LOG]   Experiencia extraída desde details/experience: 0 entradas
[2026-02-19T16:14:52.726Z] [LOG]     [5/5] Geraldine Soria Peralta
[2026-02-19T16:14:52.726Z] [LOG] Obteniendo detalles del perfil: https://www.linkedin.com/in/geraldine-soria-peralta/
[2026-02-19T16:14:57.435Z] [LOG]   URL del perfil: https://www.linkedin.com/in/geraldine-soria-peralta/
[2026-02-19T16:14:57.435Z] [LOG]   Cargando contenido completo del perfil...
[2026-02-19T16:15:01.358Z] [LOG]   Expandiendo secciones "Ver más"...
[2026-02-19T16:15:01.368Z] [LOG]   Sección de experiencia encontrada, expandiendo...
[2026-02-19T16:15:08.384Z] [LOG]   Haciendo scroll dentro de la sección de experiencia...
[2026-02-19T16:15:15.939Z] [LOG]   Buscando botón "Mostrar todas las experiencias"...
[2026-02-19T16:15:15.940Z] [LOG]   Encontrado botón "Mostrar todas las experiencias", navegando a: https://www.linkedin.com/in/geraldine-soria-peralta/details/experience?profileUrn=urn%3Ali%3Afsd_profile%3AACoAAAxOM50BK8-2ziAjlvJAROuc-GyOmA2Nohs
[2026-02-19T16:15:23.367Z] [LOG]   Expandidas 0 descripciones
[2026-02-19T16:15:27.378Z] [LOG]   Intentando obtener información de contacto...
[2026-02-19T16:15:27.378Z] [LOG]   Navegando a modal de contacto: https://www.linkedin.com/in/geraldine-soria-peralta/overlay/contact-info/
[2026-02-19T16:15:31.877Z] [LOG]   Modal de contacto encontrado
[2026-02-19T16:15:31.887Z] [LOG]   Información de contacto extraída: email=gisp_geral@hotmail.com, teléfono=N/A, sitio=N/A
[2026-02-19T16:15:35.721Z] [LOG]   Nombre del perfil extraído: Geraldine Soria Peralta
[2026-02-19T16:15:35.721Z] [LOG]   Obteniendo experiencia desde: https://www.linkedin.com/in/geraldine-soria-peralta/details/experience/
[2026-02-19T16:15:50.818Z] [LOG]   Experiencia extraída desde details/experience: 12 entradas
[2026-02-19T16:15:54.760Z] [LOG]   Experiencia laboral tomada de /details/experience/: 12 entradas
[2026-02-19T16:15:54.760Z] [LOG] 
✓ Se encontraron 5 perfiles:

[2026-02-19T16:15:54.760Z] [LOG] 
--- Perfil 1 ---
[2026-02-19T16:15:54.760Z] [LOG] Nombre: Jose Paolo Granados Gonzalez
[2026-02-19T16:15:54.760Z] [LOG] Título: N/A
[2026-02-19T16:15:54.760Z] [LOG] Ubicación: N/A
[2026-02-19T16:15:54.760Z] [LOG] URL: https://www.linkedin.com/in/jose-paolo-granados-gonzalez/
[2026-02-19T16:15:54.760Z] [LOG] ✓ Detalles completos obtenidos
[2026-02-19T16:15:54.760Z] [LOG] 
--- Perfil 2 ---
[2026-02-19T16:15:54.760Z] [LOG] Nombre: Ricardo Zegarra Morales (PMI, ITIL, COBIT, CISSP, SCRUM)
[2026-02-19T16:15:54.760Z] [LOG] Título: N/A
[2026-02-19T16:15:54.760Z] [LOG] Ubicación: N/A
[2026-02-19T16:15:54.760Z] [LOG] URL: https://www.linkedin.com/in/ricardo-zegarra-morales/
[2026-02-19T16:15:54.760Z] [LOG] ✓ Detalles completos obtenidos
[2026-02-19T16:15:54.760Z] [LOG] 
--- Perfil 3 ---
[2026-02-19T16:15:54.760Z] [LOG] Nombre: Rodolfo Vilchez
[2026-02-19T16:15:54.760Z] [LOG] Título: N/A
[2026-02-19T16:15:54.760Z] [LOG] Ubicación: N/A
[2026-02-19T16:15:54.760Z] [LOG] URL: https://www.linkedin.com/in/rodolfovilchez/
[2026-02-19T16:15:54.760Z] [LOG] ✓ Detalles completos obtenidos
[2026-02-19T16:15:54.760Z] [LOG] 
--- Perfil 4 ---
[2026-02-19T16:15:54.760Z] [LOG] Nombre: Sylvia Fernanda Regalado Ruiz 🇵🇪
[2026-02-19T16:15:54.760Z] [LOG] Título: N/A
[2026-02-19T16:15:54.760Z] [LOG] Ubicación: N/A
[2026-02-19T16:15:54.760Z] [LOG] URL: https://www.linkedin.com/in/sylvia-fernanda-regalado-ruiz/
[2026-02-19T16:15:54.760Z] [LOG] ✓ Detalles completos obtenidos
[2026-02-19T16:15:54.760Z] [LOG] 
--- Perfil 5 ---
[2026-02-19T16:15:54.760Z] [LOG] Nombre: Geraldine Soria Peralta
[2026-02-19T16:15:54.760Z] [LOG] Título: N/A
[2026-02-19T16:15:54.760Z] [LOG] Ubicación: N/A
[2026-02-19T16:15:54.760Z] [LOG] URL: https://www.linkedin.com/in/geraldine-soria-peralta/
[2026-02-19T16:15:54.760Z] [LOG] ✓ Detalles completos obtenidos
[2026-02-19T16:15:54.762Z] [LOG] 
✓ Resultados guardados en: resultados_Gerente_de_Tecnología_1771517754761.json
[2026-02-19T16:15:54.762Z] [LOG] 
Cerrando navegador en 5 segundos...
[2026-02-19T16:15:59.767Z] [LOG] ✓ Cookies guardadas
[2026-02-19T16:16:00.048Z] [LOG] Navegador cerrado
[2026-02-19T16:16:00.048Z] EJECUCIÓN FINALIZADA

============================================================
[2026-02-19T16:29:10.648Z] EJECUCIÓN INICIADA - process.argv: C:\Users\pc\Documents\pruebaSccraping\index.js Director Financiero (CFO) --keywords=director financiero (cfo),director,financiero,cfo,mba,finanzas,lima, perú
============================================================
[2026-02-19T16:29:10.650Z] [LOG] Iniciando navegador...
[2026-02-19T16:29:11.319Z] [LOG] ✓ Cookies cargadas desde sesión anterior
[2026-02-19T16:29:11.320Z] [LOG] Verificando sesión activa...
[2026-02-19T16:29:18.680Z] [LOG] ✓ Sesión activa encontrada. Continuando sin login...
[2026-02-19T16:29:18.681Z] [LOG] [DEBUG] process.argv: ["C:\\nvm4w\\nodejs\\node.exe","C:\\Users\\pc\\Documents\\pruebaSccraping\\index.js","Director Financiero (CFO)","--keywords=director financiero (cfo),director,financiero,cfo,mba,finanzas,lima, perú"]
[2026-02-19T16:29:18.681Z] [LOG] 
=== Buscando: Director Financiero (CFO) ===

[2026-02-19T16:29:18.681Z] [LOG] Palabras clave para priorizar barrido: director financiero (cfo), director, financiero, cfo, mba, finanzas, lima, perú

[2026-02-19T16:29:18.682Z] [LOG] Buscando: Director Financiero (CFO)...
[2026-02-19T16:29:18.682Z] [LOG] Palabras clave para priorizar barrido: director financiero (cfo), director, financiero, cfo, mba, finanzas, lima, perú
[2026-02-19T16:29:18.683Z] [LOG] Query enviada a LinkedIn: Director Financiero (CFO) director financiero (cfo) director financiero cfo mba
[2026-02-19T16:29:20.502Z] [LOG] URL actual: https://www.linkedin.com/search/results/people/?keywords=Director%20Financiero%20(CFO)%20director%20financiero%20(cfo)%20director%20financiero%20cfo%20mba&origin=SWITCH_SEARCH_VERTICAL&geoUrn=%5B%22102927786%22%5D
[2026-02-19T16:29:20.502Z] [LOG] Esperando a que carguen los resultados...
[2026-02-19T16:29:20.610Z] [LOG] ✓ Contenedor de resultados encontrado
[2026-02-19T16:29:24.622Z] [LOG] Haciendo scroll para cargar más resultados...
[2026-02-19T16:29:30.650Z] [LOG] Extrayendo información de perfiles (página 1)...
[2026-02-19T16:29:30.653Z] [LOG] Perfiles encontrados en página 1: 10
[2026-02-19T16:29:32.669Z] [LOG] Paginador: 1 hoja(s) detectada(s).
[2026-02-19T16:29:32.669Z] [LOG] Perfiles encontrados después de extracción (todas las hojas): 10
[2026-02-19T16:29:32.669Z] [LOG] [DEBUG searchPerson] maxResults=25, filteredProfiles.length=10
[2026-02-19T16:29:32.669Z] [LOG]   Obteniendo detalles completos de 10 perfiles...
[2026-02-19T16:29:32.669Z] [LOG]     [1/10] Luis Chipoco
[2026-02-19T16:29:32.671Z] [LOG] Obteniendo detalles del perfil: https://www.linkedin.com/in/luis-chipoco-0852a136/
[2026-02-19T16:29:37.681Z] [LOG]   URL del perfil: https://www.linkedin.com/in/luis-chipoco-0852a136/
[2026-02-19T16:29:37.682Z] [LOG]   Cargando contenido completo del perfil...
[2026-02-19T16:29:41.589Z] [LOG]   Expandiendo secciones "Ver más"...
[2026-02-19T16:29:41.594Z] [LOG]   Sección de experiencia encontrada, expandiendo...
[2026-02-19T16:29:48.622Z] [LOG]   Haciendo scroll dentro de la sección de experiencia...
[2026-02-19T16:29:56.165Z] [LOG]   Buscando botón "Mostrar todas las experiencias"...
[2026-02-19T16:29:56.166Z] [LOG]   Encontrado botón "Mostrar todas las experiencias", navegando a: https://www.linkedin.com/in/luis-chipoco-0852a136/details/experience?profileUrn=urn%3Ali%3Afsd_profile%3AACoAAAeEaSUBh_W6yzQlE4m78WH9FSLcgqOHBSc
[2026-02-19T16:30:04.265Z] [LOG]   Expandidas 0 descripciones
[2026-02-19T16:30:08.274Z] [LOG]   Intentando obtener información de contacto...
[2026-02-19T16:30:08.274Z] [LOG]   Navegando a modal de contacto: https://www.linkedin.com/in/luis-chipoco-0852a136/overlay/contact-info/
[2026-02-19T16:30:12.541Z] [LOG]   Modal de contacto encontrado
[2026-02-19T16:30:12.548Z] [LOG]   Información de contacto extraída: email=luarchip11@hotmail.com, teléfono=N/A, sitio=https://lnkd.in/dMjCUKcb
[2026-02-19T16:30:15.651Z] [LOG]   Nombre del perfil extraído: Luis Chipoco
[2026-02-19T16:30:15.651Z] [LOG]   Obteniendo experiencia desde: https://www.linkedin.com/in/luis-chipoco-0852a136/details/experience/
[2026-02-19T16:30:23.392Z] [LOG]   Experiencia extraída desde details/experience: 8 entradas
[2026-02-19T16:30:26.522Z] [LOG]   Experiencia laboral tomada de /details/experience/: 8 entradas
[2026-02-19T16:30:28.529Z] [LOG]     [2/10] Juan Martín Valdivia
[2026-02-19T16:30:28.529Z] [LOG] Obteniendo detalles del perfil: https://www.linkedin.com/in/juanmartinv/
[2026-02-19T16:30:32.695Z] [LOG]   URL del perfil: https://www.linkedin.com/in/juanmartinv/
[2026-02-19T16:30:32.695Z] [LOG]   Cargando contenido completo del perfil...
[2026-02-19T16:30:36.612Z] [LOG]   Expandiendo secciones "Ver más"...
[2026-02-19T16:30:36.620Z] [LOG]   Sección de experiencia encontrada, expandiendo...
[2026-02-19T16:30:43.640Z] [LOG]   Haciendo scroll dentro de la sección de experiencia...
[2026-02-19T16:30:51.179Z] [LOG]   Buscando botón "Mostrar todas las experiencias"...
[2026-02-19T16:30:51.181Z] [LOG]   Encontrado botón "Mostrar todas las experiencias", navegando a: https://www.linkedin.com/in/juanmartinv/details/experience?profileUrn=urn%3Ali%3Afsd_profile%3AACoAAANc-_sB8vVD-RCUfZmWyAmaQCTiIzdRVZg
[2026-02-19T16:30:58.134Z] [LOG]   Expandidas 0 descripciones
[2026-02-19T16:31:02.151Z] [LOG]   Intentando obtener información de contacto...
[2026-02-19T16:31:02.152Z] [LOG]   Navegando a modal de contacto: https://www.linkedin.com/in/juanmartinv/overlay/contact-info/
[2026-02-19T16:31:06.451Z] [LOG]   Modal de contacto encontrado
[2026-02-19T16:31:06.459Z] [LOG]   Información de contacto extraída: email=N/A, teléfono=N/A, sitio=https://lnkd.in/gwA9Z885
[2026-02-19T16:31:09.992Z] [LOG]   Nombre del perfil extraído: Juan Martín Valdivia
[2026-02-19T16:31:09.992Z] [LOG]   Obteniendo experiencia desde: https://www.linkedin.com/in/juanmartinv/details/experience/
[2026-02-19T16:31:17.645Z] [LOG]   Experiencia extraída desde details/experience: 12 entradas
[2026-02-19T16:31:21.092Z] [LOG]   Experiencia laboral tomada de /details/experience/: 12 entradas
[2026-02-19T16:31:23.108Z] [LOG]     [3/10] Tony Pinedo
[2026-02-19T16:31:23.108Z] [LOG] Obteniendo detalles del perfil: https://www.linkedin.com/in/tony-pinedo-revilla/
[2026-02-19T16:31:27.471Z] [LOG]   URL del perfil: https://www.linkedin.com/in/tony-pinedo-revilla/
[2026-02-19T16:31:27.471Z] [LOG]   Cargando contenido completo del perfil...
[2026-02-19T16:31:31.390Z] [LOG]   Expandiendo secciones "Ver más"...
[2026-02-19T16:31:31.399Z] [LOG]   Sección de experiencia encontrada, expandiendo...
[2026-02-19T16:31:38.420Z] [LOG]   Haciendo scroll dentro de la sección de experiencia...
[2026-02-19T16:31:45.953Z] [LOG]   Buscando botón "Mostrar todas las experiencias"...
[2026-02-19T16:31:45.954Z] [LOG]   Encontrado botón "Mostrar todas las experiencias", navegando a: https://www.linkedin.com/in/tony-pinedo-revilla/details/experience?profileUrn=urn%3Ali%3Afsd_profile%3AACoAAAXCEwMBTjYcQsMi6PbGHu3NdJMHQfYuiMQ
[2026-02-19T16:31:52.995Z] [LOG]   Expandidas 0 descripciones
[2026-02-19T16:31:57.002Z] [LOG]   Intentando obtener información de contacto...
[2026-02-19T16:31:57.002Z] [LOG]   Navegando a modal de contacto: https://www.linkedin.com/in/tony-pinedo-revilla/overlay/contact-info/
[2026-02-19T16:32:08.793Z] [LOG]   Modal de contacto encontrado
[2026-02-19T16:32:08.798Z] [LOG]   Información de contacto extraída: email=tony.pinedo@gmail.com, teléfono=N/A, sitio=https://bit.ly/44J4T63
[2026-02-19T16:32:12.223Z] [LOG]   Nombre del perfil extraído: Tony Pinedo
[2026-02-19T16:32:12.223Z] [LOG]   Obteniendo experiencia desde: https://www.linkedin.com/in/tony-pinedo-revilla/details/experience/
[2026-02-19T16:32:20.085Z] [LOG]   Experiencia extraída desde details/experience: 11 entradas
[2026-02-19T16:32:23.625Z] [LOG]   Experiencia laboral tomada de /details/experience/: 11 entradas
[2026-02-19T16:32:25.625Z] [LOG]     [4/10] Frecia Ortiz
[2026-02-19T16:32:25.625Z] [LOG] Obteniendo detalles del perfil: https://www.linkedin.com/in/frecia-ortiz-68185183/
[2026-02-19T16:32:29.902Z] [LOG]   URL del perfil: https://www.linkedin.com/in/frecia-ortiz-68185183/
[2026-02-19T16:32:29.902Z] [LOG]   Cargando contenido completo del perfil...
[2026-02-19T16:32:33.822Z] [LOG]   Expandiendo secciones "Ver más"...
[2026-02-19T16:32:33.830Z] [LOG]   Sección de experiencia encontrada, expandiendo...
[2026-02-19T16:32:40.858Z] [LOG]   Haciendo scroll dentro de la sección de experiencia...
[2026-02-19T16:32:48.642Z] [LOG]   Buscando botón "Mostrar todas las experiencias"...
[2026-02-19T16:32:48.644Z] [LOG]   Encontrado botón "Mostrar todas las experiencias", navegando a: https://www.linkedin.com/in/frecia-ortiz-68185183/details/experience?profileUrn=urn%3Ali%3Afsd_profile%3AACoAABG-r4EBAnMqkXUZpTL_RJynqASAf3ptrkA
[2026-02-19T16:32:55.851Z] [LOG]   Expandidas 0 descripciones
[2026-02-19T16:32:59.858Z] [LOG]   Intentando obtener información de contacto...
[2026-02-19T16:32:59.859Z] [LOG]   Navegando a modal de contacto: https://www.linkedin.com/in/frecia-ortiz-68185183/overlay/contact-info/
[2026-02-19T16:33:04.407Z] [LOG]   Modal de contacto encontrado
[2026-02-19T16:33:04.410Z] [LOG]   Información de contacto extraída: email=N/A, teléfono=N/A, sitio=N/A
[2026-02-19T16:33:08.263Z] [LOG]   Nombre del perfil extraído: Frecia Ortiz
[2026-02-19T16:33:08.263Z] [LOG]   Obteniendo experiencia desde: https://www.linkedin.com/in/frecia-ortiz-68185183/details/experience/
[2026-02-19T16:33:16.288Z] [LOG]   Experiencia extraída desde details/experience: 0 entradas
[2026-02-19T16:33:28.701Z] [LOG]     [5/10] Karellys Aranda
[2026-02-19T16:33:28.701Z] [LOG] Obteniendo detalles del perfil: https://www.linkedin.com/in/karellysaranda/
[2026-02-19T16:33:33.392Z] [LOG]   URL del perfil: https://www.linkedin.com/in/karellysaranda/
[2026-02-19T16:33:33.392Z] [LOG]   Cargando contenido completo del perfil...
[2026-02-19T16:33:37.311Z] [LOG]   Expandiendo secciones "Ver más"...
[2026-02-19T16:33:37.320Z] [LOG]   Sección de experiencia encontrada, expandiendo...
[2026-02-19T16:33:44.347Z] [LOG]   Haciendo scroll dentro de la sección de experiencia...
[2026-02-19T16:33:51.928Z] [LOG]   Buscando botón "Mostrar todas las experiencias"...
[2026-02-19T16:33:51.929Z] [LOG]   Encontrado botón "Mostrar todas las experiencias", navegando a: https://www.linkedin.com/in/karellysaranda/details/experience?profileUrn=urn%3Ali%3Afsd_profile%3AACoAABE03_gB191yc6tonRX8pvgZbFRQ1DTEQgs
[2026-02-19T16:33:59.447Z] [LOG]   Expandidas 0 descripciones
[2026-02-19T16:34:03.459Z] [LOG]   Intentando obtener información de contacto...
[2026-02-19T16:34:03.459Z] [LOG]   Navegando a modal de contacto: https://www.linkedin.com/in/karellysaranda/overlay/contact-info/
[2026-02-19T16:34:08.290Z] [LOG]   Modal de contacto encontrado
[2026-02-19T16:34:08.294Z] [LOG]   Información de contacto extraída: email=N/A, teléfono=N/A, sitio=N/A
[2026-02-19T16:34:18.637Z] [LOG]   Nombre del perfil extraído: Karellys Aranda
[2026-02-19T16:34:18.637Z] [LOG]   Obteniendo experiencia desde: https://www.linkedin.com/in/karellysaranda/details/experience/
[2026-02-19T16:34:26.935Z] [LOG]   Experiencia extraída desde details/experience: 0 entradas
[2026-02-19T16:34:32.888Z] [LOG]     [6/10] Edgar Rivas López
[2026-02-19T16:34:32.888Z] [LOG] Obteniendo detalles del perfil: https://www.linkedin.com/in/edgar-rivas-l%C3%B3pez/
[2026-02-19T16:34:44.160Z] [LOG]   URL del perfil: https://www.linkedin.com/in/edgar-rivas-l%C3%B3pez/
[2026-02-19T16:34:44.160Z] [LOG]   Cargando contenido completo del perfil...
[2026-02-19T16:34:48.081Z] [LOG]   Expandiendo secciones "Ver más"...
[2026-02-19T16:34:48.089Z] [LOG]   Sección de experiencia encontrada, expandiendo...
[2026-02-19T16:34:55.111Z] [LOG]   Haciendo scroll dentro de la sección de experiencia...
[2026-02-19T16:35:02.690Z] [LOG]   Buscando botón "Mostrar todas las experiencias"...
[2026-02-19T16:35:02.692Z] [LOG]   Encontrado botón "Mostrar todas las experiencias", navegando a: https://www.linkedin.com/in/edgar-rivas-l%C3%B3pez/details/experience?profileUrn=urn%3Ali%3Afsd_profile%3AACoAAAS5QS4B88t_xh8pRVKPQW9Humj-sI-0uwk
[2026-02-19T16:35:10.330Z] [LOG]   Expandidas 0 descripciones
[2026-02-19T16:35:14.334Z] [LOG]   Intentando obtener información de contacto...
[2026-02-19T16:35:14.334Z] [LOG]   Navegando a modal de contacto: https://www.linkedin.com/in/edgar-rivas-l%C3%B3pez/overlay/contact-info/
[2026-02-19T16:35:19.311Z] [LOG]   Modal de contacto encontrado
[2026-02-19T16:35:19.315Z] [LOG]   Información de contacto extraída: email=N/A, teléfono=N/A, sitio=N/A
[2026-02-19T16:35:23.364Z] [LOG]   Nombre del perfil extraído: Edgar Rivas López
[2026-02-19T16:35:23.364Z] [LOG]   Obteniendo experiencia desde: https://www.linkedin.com/in/edgar-rivas-l%C3%B3pez/details/experience/
[2026-02-19T16:35:31.801Z] [LOG]   Experiencia extraída desde details/experience: 9 entradas
[2026-02-19T16:35:35.822Z] [LOG]   Experiencia laboral tomada de /details/experience/: 9 entradas
[2026-02-19T16:35:37.832Z] [LOG]     [7/10] Erson L.
[2026-02-19T16:35:37.832Z] [LOG] Obteniendo detalles del perfil: https://www.linkedin.com/in/ersonleoncolumbus/
[2026-02-19T16:35:43.016Z] [LOG]   URL del perfil: https://www.linkedin.com/in/ersonleoncolumbus/
[2026-02-19T16:35:43.016Z] [LOG]   Cargando contenido completo del perfil...
[2026-02-19T16:35:46.934Z] [LOG]   Expandiendo secciones "Ver más"...
[2026-02-19T16:35:46.943Z] [LOG]   Sección de experiencia encontrada, expandiendo...
[2026-02-19T16:35:53.966Z] [LOG]   Haciendo scroll dentro de la sección de experiencia...
[2026-02-19T16:36:01.493Z] [LOG]   Buscando botón "Mostrar todas las experiencias"...
[2026-02-19T16:36:01.494Z] [LOG]   Encontrado botón "Mostrar todas las experiencias", navegando a: https://www.linkedin.com/in/ersonleoncolumbus/details/experience?profileUrn=urn%3Ali%3Afsd_profile%3AACoAAADCuy4BLalsiUMlV1tsgGMfyM7me5l-24U
[2026-02-19T16:36:09.349Z] [LOG]   Expandidas 0 descripciones
[2026-02-19T16:36:13.369Z] [LOG]   Intentando obtener información de contacto...
[2026-02-19T16:36:13.370Z] [LOG]   Navegando a modal de contacto: https://www.linkedin.com/in/ersonleoncolumbus/overlay/contact-info/
[2026-02-19T16:36:18.606Z] [LOG]   Modal de contacto encontrado
[2026-02-19T16:36:18.610Z] [LOG]   Información de contacto extraída: email=N/A, teléfono=N/A, sitio=https://oe.cd/PERU
[2026-02-19T16:36:22.889Z] [LOG]   Nombre del perfil extraído: Erson L.
[2026-02-19T16:36:22.889Z] [LOG]   Obteniendo experiencia desde: https://www.linkedin.com/in/ersonleoncolumbus/details/experience/
[2026-02-19T16:36:31.570Z] [LOG]   Experiencia extraída desde details/experience: 9 entradas
[2026-02-19T16:36:35.980Z] [LOG]   Experiencia laboral tomada de /details/experience/: 9 entradas
[2026-02-19T16:36:37.990Z] [LOG]     [8/10] Fernando Piccini
[2026-02-19T16:36:37.990Z] [LOG] Obteniendo detalles del perfil: https://www.linkedin.com/in/fernandopiccini/
[2026-02-19T16:36:43.258Z] [LOG]   URL del perfil: https://www.linkedin.com/in/fernandopiccini/
[2026-02-19T16:36:43.258Z] [LOG]   Cargando contenido completo del perfil...
[2026-02-19T16:36:47.170Z] [LOG]   Expandiendo secciones "Ver más"...
[2026-02-19T16:36:47.180Z] [LOG]   Sección de experiencia encontrada, expandiendo...
[2026-02-19T16:36:54.212Z] [LOG]   Haciendo scroll dentro de la sección de experiencia...
[2026-02-19T16:37:01.753Z] [LOG]   Buscando botón "Mostrar todas las experiencias"...
[2026-02-19T16:37:01.755Z] [LOG]   Encontrado botón "Mostrar todas las experiencias", navegando a: https://www.linkedin.com/in/fernandopiccini/details/experience?profileUrn=urn%3Ali%3Afsd_profile%3AACoAAAAXjYQBmfhKcBoes-S_7vd3-4xuFkzPN5g
[2026-02-19T16:37:09.731Z] [LOG]   Expandidas 0 descripciones
[2026-02-19T16:37:13.743Z] [LOG]   Intentando obtener información de contacto...
[2026-02-19T16:37:13.743Z] [LOG]   Navegando a modal de contacto: https://www.linkedin.com/in/fernandopiccini/overlay/contact-info/
[2026-02-19T16:37:25.254Z] [LOG]   Modal de contacto encontrado
[2026-02-19T16:37:25.267Z] [LOG]   Información de contacto extraída: email=N/A, teléfono=N/A, sitio=N/A
[2026-02-19T16:37:30.029Z] [LOG]   Nombre del perfil extraído: Fernando Piccini
[2026-02-19T16:37:30.029Z] [LOG]   Obteniendo experiencia desde: https://www.linkedin.com/in/fernandopiccini/details/experience/
[2026-02-19T16:37:38.962Z] [LOG]   Experiencia extraída desde details/experience: 13 entradas
[2026-02-19T16:37:43.562Z] [LOG]   Experiencia laboral tomada de /details/experience/: 13 entradas
[2026-02-19T16:37:45.564Z] [LOG]     [9/10] Franco Iparraguirre
[2026-02-19T16:37:45.565Z] [LOG] Obteniendo detalles del perfil: https://www.linkedin.com/in/francoiparraguirre/
[2026-02-19T16:37:56.818Z] [LOG]   URL del perfil: https://www.linkedin.com/in/francoiparraguirre/
[2026-02-19T16:37:56.818Z] [LOG]   Cargando contenido completo del perfil...
[2026-02-19T16:38:00.721Z] [LOG]   Expandiendo secciones "Ver más"...
[2026-02-19T16:38:00.754Z] [LOG]   Sección de experiencia encontrada, expandiendo...
[2026-02-19T16:38:07.775Z] [LOG]   Haciendo scroll dentro de la sección de experiencia...
[2026-02-19T16:38:16.034Z] [LOG]   Buscando botón "Mostrar todas las experiencias"...
[2026-02-19T16:38:16.035Z] [LOG]   Encontrado botón "Mostrar todas las experiencias", navegando a: https://www.linkedin.com/in/francoiparraguirre/details/experience?profileUrn=urn%3Ali%3Afsd_profile%3AACoAAAfkS-gBHsksrSuf9du9lrtIF1luLjvbUkg
[2026-02-19T16:38:24.236Z] [LOG]   Expandidas 0 descripciones
[2026-02-19T16:38:28.256Z] [LOG]   Intentando obtener información de contacto...
[2026-02-19T16:38:28.256Z] [LOG]   Navegando a modal de contacto: https://www.linkedin.com/in/francoiparraguirre/overlay/contact-info/
[2026-02-19T16:38:33.881Z] [LOG]   Modal de contacto encontrado
[2026-02-19T16:38:33.884Z] [LOG]   Información de contacto extraída: email=N/A, teléfono=N/A, sitio=N/A
[2026-02-19T16:38:38.409Z] [LOG]   Nombre del perfil extraído: Franco Iparraguirre
[2026-02-19T16:38:38.410Z] [LOG]   Obteniendo experiencia desde: https://www.linkedin.com/in/francoiparraguirre/details/experience/
[2026-02-19T16:38:47.400Z] [LOG]   Experiencia extraída desde details/experience: 9 entradas
[2026-02-19T16:38:52.010Z] [LOG]   Experiencia laboral tomada de /details/experience/: 9 entradas
[2026-02-19T16:38:54.024Z] [LOG]     [10/10] Juan José Ubaldo
[2026-02-19T16:38:54.025Z] [LOG] Obteniendo detalles del perfil: https://www.linkedin.com/in/juanjoseubaldo/
[2026-02-19T16:38:59.613Z] [LOG]   URL del perfil: https://www.linkedin.com/in/juanjoseubaldo/
[2026-02-19T16:38:59.613Z] [LOG]   Cargando contenido completo del perfil...
[2026-02-19T16:39:03.520Z] [LOG]   Expandiendo secciones "Ver más"...
[2026-02-19T16:39:03.528Z] [LOG]   Sección de experiencia encontrada, expandiendo...
[2026-02-19T16:39:10.563Z] [LOG]   Haciendo scroll dentro de la sección de experiencia...
[2026-02-19T16:39:18.106Z] [LOG]   Buscando botón "Mostrar todas las experiencias"...
[2026-02-19T16:39:18.108Z] [LOG]   Encontrado botón "Mostrar todas las experiencias", navegando a: https://www.linkedin.com/in/juanjoseubaldo/details/experience?profileUrn=urn%3Ali%3Afsd_profile%3AACoAAAQ271oBV_ttbEr5yB2HQ0WblNZhM926rTA
[2026-02-19T16:39:25.257Z] [LOG]   Expandidas 0 descripciones
[2026-02-19T16:39:29.262Z] [LOG]   Intentando obtener información de contacto...
[2026-02-19T16:39:29.262Z] [LOG]   Navegando a modal de contacto: https://www.linkedin.com/in/juanjoseubaldo/overlay/contact-info/
[2026-02-19T16:39:34.890Z] [LOG]   Modal de contacto encontrado
[2026-02-19T16:39:34.893Z] [LOG]   Información de contacto extraída: email=N/A, teléfono=N/A, sitio=http://bit.ly/3LbROgf
[2026-02-19T16:39:40.559Z] [LOG]   Nombre del perfil extraído: Juan José Ubaldo
[2026-02-19T16:39:40.559Z] [LOG]   Obteniendo experiencia desde: https://www.linkedin.com/in/juanjoseubaldo/details/experience/
[2026-02-19T16:39:49.909Z] [LOG]   Experiencia extraída desde details/experience: 0 entradas
[2026-02-19T16:39:55.605Z] [LOG] 
✓ Se encontraron 10 perfiles:

[2026-02-19T16:39:55.605Z] [LOG] 
--- Perfil 1 ---
[2026-02-19T16:39:55.605Z] [LOG] Nombre: Luis Chipoco
[2026-02-19T16:39:55.605Z] [LOG] Título: N/A
[2026-02-19T16:39:55.605Z] [LOG] Ubicación: N/A
[2026-02-19T16:39:55.605Z] [LOG] URL: https://www.linkedin.com/in/luis-chipoco-0852a136/
[2026-02-19T16:39:55.605Z] [LOG] ✓ Detalles completos obtenidos
[2026-02-19T16:39:55.605Z] [LOG] 
--- Perfil 2 ---
[2026-02-19T16:39:55.605Z] [LOG] Nombre: Juan Martín Valdivia
[2026-02-19T16:39:55.605Z] [LOG] Título: N/A
[2026-02-19T16:39:55.606Z] [LOG] Ubicación: N/A
[2026-02-19T16:39:55.606Z] [LOG] URL: https://www.linkedin.com/in/juanmartinv/
[2026-02-19T16:39:55.606Z] [LOG] ✓ Detalles completos obtenidos
[2026-02-19T16:39:55.606Z] [LOG] 
--- Perfil 3 ---
[2026-02-19T16:39:55.606Z] [LOG] Nombre: Tony Pinedo
[2026-02-19T16:39:55.606Z] [LOG] Título: N/A
[2026-02-19T16:39:55.606Z] [LOG] Ubicación: N/A
[2026-02-19T16:39:55.606Z] [LOG] URL: https://www.linkedin.com/in/tony-pinedo-revilla/
[2026-02-19T16:39:55.606Z] [LOG] ✓ Detalles completos obtenidos
[2026-02-19T16:39:55.606Z] [LOG] 
--- Perfil 4 ---
[2026-02-19T16:39:55.606Z] [LOG] Nombre: Frecia Ortiz
[2026-02-19T16:39:55.606Z] [LOG] Título: N/A
[2026-02-19T16:39:55.606Z] [LOG] Ubicación: N/A
[2026-02-19T16:39:55.606Z] [LOG] URL: https://www.linkedin.com/in/frecia-ortiz-68185183/
[2026-02-19T16:39:55.606Z] [LOG] ✓ Detalles completos obtenidos
[2026-02-19T16:39:55.606Z] [LOG] 
--- Perfil 5 ---
[2026-02-19T16:39:55.606Z] [LOG] Nombre: Karellys Aranda
[2026-02-19T16:39:55.606Z] [LOG] Título: N/A
[2026-02-19T16:39:55.606Z] [LOG] Ubicación: N/A
[2026-02-19T16:39:55.606Z] [LOG] URL: https://www.linkedin.com/in/karellysaranda/
[2026-02-19T16:39:55.606Z] [LOG] ✓ Detalles completos obtenidos
[2026-02-19T16:39:55.606Z] [LOG] 
--- Perfil 6 ---
[2026-02-19T16:39:55.606Z] [LOG] Nombre: Edgar Rivas López
[2026-02-19T16:39:55.606Z] [LOG] Título: N/A
[2026-02-19T16:39:55.606Z] [LOG] Ubicación: N/A
[2026-02-19T16:39:55.606Z] [LOG] URL: https://www.linkedin.com/in/edgar-rivas-l%C3%B3pez/
[2026-02-19T16:39:55.606Z] [LOG] ✓ Detalles completos obtenidos
[2026-02-19T16:39:55.606Z] [LOG] 
--- Perfil 7 ---
[2026-02-19T16:39:55.606Z] [LOG] Nombre: Erson L.
[2026-02-19T16:39:55.606Z] [LOG] Título: N/A
[2026-02-19T16:39:55.606Z] [LOG] Ubicación: N/A
[2026-02-19T16:39:55.606Z] [LOG] URL: https://www.linkedin.com/in/ersonleoncolumbus/
[2026-02-19T16:39:55.606Z] [LOG] ✓ Detalles completos obtenidos
[2026-02-19T16:39:55.606Z] [LOG] 
--- Perfil 8 ---
[2026-02-19T16:39:55.606Z] [LOG] Nombre: Fernando Piccini
[2026-02-19T16:39:55.606Z] [LOG] Título: N/A
[2026-02-19T16:39:55.606Z] [LOG] Ubicación: N/A
[2026-02-19T16:39:55.606Z] [LOG] URL: https://www.linkedin.com/in/fernandopiccini/
[2026-02-19T16:39:55.606Z] [LOG] ✓ Detalles completos obtenidos
[2026-02-19T16:39:55.606Z] [LOG] 
--- Perfil 9 ---
[2026-02-19T16:39:55.606Z] [LOG] Nombre: Franco Iparraguirre
[2026-02-19T16:39:55.606Z] [LOG] Título: N/A
[2026-02-19T16:39:55.606Z] [LOG] Ubicación: N/A
[2026-02-19T16:39:55.606Z] [LOG] URL: https://www.linkedin.com/in/francoiparraguirre/
[2026-02-19T16:39:55.606Z] [LOG] ✓ Detalles completos obtenidos
[2026-02-19T16:39:55.606Z] [LOG] 
--- Perfil 10 ---
[2026-02-19T16:39:55.606Z] [LOG] Nombre: Juan José Ubaldo
[2026-02-19T16:39:55.606Z] [LOG] Título: N/A
[2026-02-19T16:39:55.606Z] [LOG] Ubicación: N/A
[2026-02-19T16:39:55.606Z] [LOG] URL: https://www.linkedin.com/in/juanjoseubaldo/
[2026-02-19T16:39:55.606Z] [LOG] ✓ Detalles completos obtenidos
[2026-02-19T16:39:55.608Z] [LOG] 
✓ Resultados guardados en: resultados_Director_Financiero_(CFO)_1771519195606.json
[2026-02-19T16:39:55.608Z] [LOG] 
Cerrando navegador en 5 segundos...
[2026-02-19T16:40:00.623Z] [LOG] ✓ Cookies guardadas
[2026-02-19T16:40:00.899Z] [LOG] Navegador cerrado
[2026-02-19T16:40:00.899Z] EJECUCIÓN FINALIZADA

============================================================
[2026-02-19T16:44:54.572Z] EJECUCIÓN INICIADA - process.argv: C:\Users\pc\Documents\pruebaSccraping\index.js Director Financiero (CFO) --keywords=director financiero (cfo),director,financiero,cfo,mba,finanzas,lima, perú
============================================================
[2026-02-19T16:44:54.574Z] [LOG] Iniciando navegador...
[2026-02-19T16:44:55.109Z] [LOG] ✓ Cookies cargadas desde sesión anterior
[2026-02-19T16:44:55.109Z] [LOG] Verificando sesión activa...
[2026-02-19T16:45:03.547Z] [LOG] ✓ Sesión activa encontrada. Continuando sin login...
[2026-02-19T16:45:03.547Z] [LOG] [DEBUG] process.argv: ["C:\\nvm4w\\nodejs\\node.exe","C:\\Users\\pc\\Documents\\pruebaSccraping\\index.js","Director Financiero (CFO)","--keywords=director financiero (cfo),director,financiero,cfo,mba,finanzas,lima, perú"]
[2026-02-19T16:45:03.547Z] [LOG] 
=== Buscando: Director Financiero (CFO) ===

[2026-02-19T16:45:03.548Z] [LOG] Palabras clave para priorizar barrido: director financiero (cfo), director, financiero, cfo, mba, finanzas, lima, perú

[2026-02-19T16:45:03.548Z] [LOG] Buscando: Director Financiero (CFO)...
[2026-02-19T16:45:03.548Z] [LOG] Palabras clave para priorizar barrido: director financiero (cfo), director, financiero, cfo, mba, finanzas, lima, perú
[2026-02-19T16:45:03.549Z] [LOG] Query enviada a LinkedIn: Director Financiero (CFO) director financiero (cfo) director financiero cfo mba
[2026-02-19T16:45:05.356Z] [LOG] URL actual: https://www.linkedin.com/search/results/people/?keywords=Director%20Financiero%20(CFO)%20director%20financiero%20(cfo)%20director%20financiero%20cfo%20mba&origin=SWITCH_SEARCH_VERTICAL&geoUrn=%5B%22102927786%22%5D
[2026-02-19T16:45:05.356Z] [LOG] Esperando a que carguen los resultados...
[2026-02-19T16:45:05.461Z] [LOG] ✓ Contenedor de resultados encontrado
[2026-02-19T16:45:09.468Z] [LOG] Haciendo scroll para cargar más resultados...
[2026-02-19T16:45:15.484Z] [LOG] Extrayendo información de perfiles (página 1)...
[2026-02-19T16:45:15.487Z] [LOG] Perfiles encontrados en página 1: 10
[2026-02-19T16:45:17.493Z] [LOG] Paginador: 1 hoja(s) detectada(s).
[2026-02-19T16:45:17.494Z] [LOG] Perfiles encontrados después de extracción (todas las hojas): 10
[2026-02-19T16:45:17.494Z] [LOG] [DEBUG searchPerson] maxResults=25, filteredProfiles.length=10
[2026-02-19T16:45:17.494Z] [LOG]   Obteniendo detalles completos de 10 perfiles...
[2026-02-19T16:45:17.494Z] [LOG]     [1/10] Luis Chipoco
[2026-02-19T16:45:17.496Z] [LOG] Obteniendo detalles del perfil: https://www.linkedin.com/in/luis-chipoco-0852a136/
[2026-02-19T16:45:22.093Z] [LOG]   URL del perfil: https://www.linkedin.com/in/luis-chipoco-0852a136/
[2026-02-19T16:45:22.094Z] [LOG]   Cargando contenido completo del perfil...
[2026-02-19T16:45:26.013Z] [LOG]   Expandiendo secciones "Ver más"...
[2026-02-19T16:45:26.019Z] [LOG]   Sección de experiencia encontrada, expandiendo...
[2026-02-19T16:45:33.046Z] [LOG]   Haciendo scroll dentro de la sección de experiencia...
[2026-02-19T16:45:40.584Z] [LOG]   Buscando botón "Mostrar todas las experiencias"...
[2026-02-19T16:45:40.586Z] [LOG]   Encontrado botón "Mostrar todas las experiencias", navegando a: https://www.linkedin.com/in/luis-chipoco-0852a136/details/experience?profileUrn=urn%3Ali%3Afsd_profile%3AACoAAAeEaSUBh_W6yzQlE4m78WH9FSLcgqOHBSc
[2026-02-19T16:45:48.532Z] [LOG]   Expandidas 0 descripciones
[2026-02-19T16:45:52.544Z] [LOG]   Intentando obtener información de contacto...
[2026-02-19T16:45:52.544Z] [LOG]   Navegando a modal de contacto: https://www.linkedin.com/in/luis-chipoco-0852a136/overlay/contact-info/
[2026-02-19T16:45:56.804Z] [LOG]   Modal de contacto encontrado
[2026-02-19T16:45:56.812Z] [LOG]   Información de contacto extraída: email=luarchip11@hotmail.com, teléfono=N/A, sitio=https://lnkd.in/dMjCUKcb
[2026-02-19T16:45:59.897Z] [LOG]   Nombre del perfil extraído: Luis Chipoco
[2026-02-19T16:45:59.897Z] [LOG]   Obteniendo experiencia desde: https://www.linkedin.com/in/luis-chipoco-0852a136/details/experience/
[2026-02-19T16:46:07.639Z] [LOG]   Experiencia extraída desde details/experience: 8 entradas
[2026-02-19T16:46:11.036Z] [LOG]   Experiencia laboral tomada de /details/experience/: 8 entradas
[2026-02-19T16:46:13.049Z] [LOG]     [2/10] Juan Martín Valdivia
[2026-02-19T16:46:13.049Z] [LOG] Obteniendo detalles del perfil: https://www.linkedin.com/in/juanmartinv/
[2026-02-19T16:46:17.295Z] [LOG]   URL del perfil: https://www.linkedin.com/in/juanmartinv/
[2026-02-19T16:46:17.295Z] [LOG]   Cargando contenido completo del perfil...
[2026-02-19T16:46:21.212Z] [LOG]   Expandiendo secciones "Ver más"...
[2026-02-19T16:46:21.220Z] [LOG]   Sección de experiencia encontrada, expandiendo...
[2026-02-19T16:46:28.235Z] [LOG]   Haciendo scroll dentro de la sección de experiencia...
[2026-02-19T16:46:35.761Z] [LOG]   Buscando botón "Mostrar todas las experiencias"...
[2026-02-19T16:46:35.762Z] [LOG]   Encontrado botón "Mostrar todas las experiencias", navegando a: https://www.linkedin.com/in/juanmartinv/details/experience?profileUrn=urn%3Ali%3Afsd_profile%3AACoAAANc-_sB8vVD-RCUfZmWyAmaQCTiIzdRVZg
[2026-02-19T16:46:42.670Z] [LOG]   Expandidas 0 descripciones
[2026-02-19T16:46:46.687Z] [LOG]   Intentando obtener información de contacto...
[2026-02-19T16:46:46.687Z] [LOG]   Navegando a modal de contacto: https://www.linkedin.com/in/juanmartinv/overlay/contact-info/
[2026-02-19T16:46:50.914Z] [LOG]   Modal de contacto encontrado
[2026-02-19T16:46:50.923Z] [LOG]   Información de contacto extraída: email=N/A, teléfono=N/A, sitio=https://lnkd.in/gwA9Z885
[2026-02-19T16:46:54.316Z] [LOG]   Nombre del perfil extraído: Juan Martín Valdivia
[2026-02-19T16:46:54.316Z] [LOG]   Obteniendo experiencia desde: https://www.linkedin.com/in/juanmartinv/details/experience/
[2026-02-19T16:47:01.898Z] [LOG]   Experiencia extraída desde details/experience: 0 entradas
[2026-02-19T16:47:07.417Z] [LOG]     [3/10] Tony Pinedo
[2026-02-19T16:47:07.418Z] [LOG] Obteniendo detalles del perfil: https://www.linkedin.com/in/tony-pinedo-revilla/
[2026-02-19T16:47:11.713Z] [LOG]   URL del perfil: https://www.linkedin.com/in/tony-pinedo-revilla/
[2026-02-19T16:47:11.713Z] [LOG]   Cargando contenido completo del perfil...
[2026-02-19T16:47:15.621Z] [LOG]   Expandiendo secciones "Ver más"...
[2026-02-19T16:47:15.631Z] [LOG]   Sección de experiencia encontrada, expandiendo...
[2026-02-19T16:47:22.660Z] [LOG]   Haciendo scroll dentro de la sección de experiencia...
[2026-02-19T16:47:30.341Z] [LOG]   Buscando botón "Mostrar todas las experiencias"...
[2026-02-19T16:47:30.343Z] [LOG]   Encontrado botón "Mostrar todas las experiencias", navegando a: https://www.linkedin.com/in/tony-pinedo-revilla/details/experience?profileUrn=urn%3Ali%3Afsd_profile%3AACoAAAXCEwMBTjYcQsMi6PbGHu3NdJMHQfYuiMQ
[2026-02-19T16:47:37.337Z] [LOG]   Expandidas 0 descripciones
[2026-02-19T16:47:41.358Z] [LOG]   Intentando obtener información de contacto...
[2026-02-19T16:47:41.358Z] [LOG]   Navegando a modal de contacto: https://www.linkedin.com/in/tony-pinedo-revilla/overlay/contact-info/
[2026-02-19T16:47:45.589Z] [LOG]   Modal de contacto encontrado
[2026-02-19T16:47:45.591Z] [LOG]   Información de contacto extraída: email=tony.pinedo@gmail.com, teléfono=N/A, sitio=https://bit.ly/44J4T63
[2026-02-19T16:47:48.888Z] [LOG]   Nombre del perfil extraído: Tony Pinedo
[2026-02-19T16:47:48.888Z] [LOG]   Obteniendo experiencia desde: https://www.linkedin.com/in/tony-pinedo-revilla/details/experience/
[2026-02-19T16:47:56.625Z] [LOG]   Experiencia extraída desde details/experience: 0 entradas
[2026-02-19T16:48:02.015Z] [LOG]     [4/10] Frecia Ortiz
[2026-02-19T16:48:02.015Z] [LOG] Obteniendo detalles del perfil: https://www.linkedin.com/in/frecia-ortiz-68185183/
[2026-02-19T16:48:06.514Z] [LOG]   URL del perfil: https://www.linkedin.com/in/frecia-ortiz-68185183/
[2026-02-19T16:48:06.515Z] [LOG]   Cargando contenido completo del perfil...
[2026-02-19T16:48:10.430Z] [LOG]   Expandiendo secciones "Ver más"...
[2026-02-19T16:48:10.439Z] [LOG]   Sección de experiencia encontrada, expandiendo...
[2026-02-19T16:48:17.451Z] [LOG]   Haciendo scroll dentro de la sección de experiencia...
[2026-02-19T16:48:25.123Z] [LOG]   Buscando botón "Mostrar todas las experiencias"...
[2026-02-19T16:48:25.124Z] [LOG]   Encontrado botón "Mostrar todas las experiencias", navegando a: https://www.linkedin.com/in/frecia-ortiz-68185183/details/experience?profileUrn=urn%3Ali%3Afsd_profile%3AACoAABG-r4EBAnMqkXUZpTL_RJynqASAf3ptrkA
[2026-02-19T16:48:32.297Z] [LOG]   Expandidas 0 descripciones
[2026-02-19T16:48:36.307Z] [LOG]   Intentando obtener información de contacto...
[2026-02-19T16:48:36.307Z] [LOG]   Navegando a modal de contacto: https://www.linkedin.com/in/frecia-ortiz-68185183/overlay/contact-info/
[2026-02-19T16:48:40.837Z] [LOG]   Modal de contacto encontrado
[2026-02-19T16:48:40.840Z] [LOG]   Información de contacto extraída: email=N/A, teléfono=N/A, sitio=N/A
[2026-02-19T16:48:44.344Z] [LOG]   Nombre del perfil extraído: Frecia Ortiz
[2026-02-19T16:48:44.344Z] [LOG]   Obteniendo experiencia desde: https://www.linkedin.com/in/frecia-ortiz-68185183/details/experience/
[2026-02-19T16:48:52.335Z] [LOG]   Experiencia extraída desde details/experience: 0 entradas
[2026-02-19T16:48:57.872Z] [LOG]     [5/10] Karellys Aranda
[2026-02-19T16:48:57.872Z] [LOG] Obteniendo detalles del perfil: https://www.linkedin.com/in/karellysaranda/
[2026-02-19T16:49:02.250Z] [LOG]   URL del perfil: https://www.linkedin.com/in/karellysaranda/
[2026-02-19T16:49:02.250Z] [LOG]   Cargando contenido completo del perfil...
[2026-02-19T16:49:06.176Z] [LOG]   Expandiendo secciones "Ver más"...
[2026-02-19T16:49:06.185Z] [LOG]   Sección de experiencia encontrada, expandiendo...
[2026-02-19T16:49:13.239Z] [LOG]   Haciendo scroll dentro de la sección de experiencia...
[2026-02-19T16:49:20.785Z] [LOG]   Buscando botón "Mostrar todas las experiencias"...
[2026-02-19T16:49:20.787Z] [LOG]   Encontrado botón "Mostrar todas las experiencias", navegando a: https://www.linkedin.com/in/karellysaranda/details/experience?profileUrn=urn%3Ali%3Afsd_profile%3AACoAABE03_gB191yc6tonRX8pvgZbFRQ1DTEQgs
[2026-02-19T16:49:28.137Z] [LOG]   Expandidas 0 descripciones
[2026-02-19T16:49:32.149Z] [LOG]   Intentando obtener información de contacto...
[2026-02-19T16:49:32.149Z] [LOG]   Navegando a modal de contacto: https://www.linkedin.com/in/karellysaranda/overlay/contact-info/
[2026-02-19T16:49:36.903Z] [LOG]   Modal de contacto encontrado
[2026-02-19T16:49:36.911Z] [LOG]   Información de contacto extraída: email=N/A, teléfono=N/A, sitio=N/A
[2026-02-19T16:49:40.590Z] [LOG]   Nombre del perfil extraído: Karellys Aranda
[2026-02-19T16:49:40.590Z] [LOG]   Obteniendo experiencia desde: https://www.linkedin.com/in/karellysaranda/details/experience/
[2026-02-19T16:49:48.703Z] [LOG]   Experiencia extraída desde details/experience: 0 entradas
[2026-02-19T16:49:54.452Z] [LOG]     [6/10] Edgar Rivas López
[2026-02-19T16:49:54.452Z] [LOG] Obteniendo detalles del perfil: https://www.linkedin.com/in/edgar-rivas-l%C3%B3pez/
[2026-02-19T16:49:59.192Z] [LOG]   URL del perfil: https://www.linkedin.com/in/edgar-rivas-l%C3%B3pez/
[2026-02-19T16:49:59.192Z] [LOG]   Cargando contenido completo del perfil...
[2026-02-19T16:50:03.108Z] [LOG]   Expandiendo secciones "Ver más"...
[2026-02-19T16:50:03.116Z] [LOG]   Sección de experiencia encontrada, expandiendo...
[2026-02-19T16:50:10.150Z] [LOG]   Haciendo scroll dentro de la sección de experiencia...
[2026-02-19T16:50:17.696Z] [LOG]   Buscando botón "Mostrar todas las experiencias"...
[2026-02-19T16:50:17.698Z] [LOG]   Encontrado botón "Mostrar todas las experiencias", navegando a: https://www.linkedin.com/in/edgar-rivas-l%C3%B3pez/details/experience?profileUrn=urn%3Ali%3Afsd_profile%3AACoAAAS5QS4B88t_xh8pRVKPQW9Humj-sI-0uwk
[2026-02-19T16:50:24.548Z] [LOG]   Expandidas 0 descripciones
[2026-02-19T16:50:28.576Z] [LOG]   Intentando obtener información de contacto...
[2026-02-19T16:50:28.576Z] [LOG]   Navegando a modal de contacto: https://www.linkedin.com/in/edgar-rivas-l%C3%B3pez/overlay/contact-info/
[2026-02-19T16:50:33.437Z] [LOG]   Modal de contacto encontrado
[2026-02-19T16:50:33.440Z] [LOG]   Información de contacto extraída: email=N/A, teléfono=N/A, sitio=N/A
[2026-02-19T16:50:37.367Z] [LOG]   Nombre del perfil extraído: Edgar Rivas López
[2026-02-19T16:50:37.367Z] [LOG]   Obteniendo experiencia desde: https://www.linkedin.com/in/edgar-rivas-l%C3%B3pez/details/experience/
[2026-02-19T16:50:45.745Z] [LOG]   Experiencia extraída desde details/experience: 0 entradas
[2026-02-19T16:50:58.098Z] [LOG]     [7/10] Erson L.
[2026-02-19T16:50:58.099Z] [LOG] Obteniendo detalles del perfil: https://www.linkedin.com/in/ersonleoncolumbus/
[2026-02-19T16:51:03.042Z] [LOG]   URL del perfil: https://www.linkedin.com/in/ersonleoncolumbus/
[2026-02-19T16:51:03.042Z] [LOG]   Cargando contenido completo del perfil...
[2026-02-19T16:51:06.963Z] [LOG]   Expandiendo secciones "Ver más"...
[2026-02-19T16:51:06.972Z] [LOG]   Sección de experiencia encontrada, expandiendo...
[2026-02-19T16:51:13.995Z] [LOG]   Haciendo scroll dentro de la sección de experiencia...
[2026-02-19T16:51:21.622Z] [LOG]   Buscando botón "Mostrar todas las experiencias"...
[2026-02-19T16:51:21.624Z] [LOG]   Encontrado botón "Mostrar todas las experiencias", navegando a: https://www.linkedin.com/in/ersonleoncolumbus/details/experience?profileUrn=urn%3Ali%3Afsd_profile%3AACoAAADCuy4BLalsiUMlV1tsgGMfyM7me5l-24U
[2026-02-19T16:51:29.334Z] [LOG]   Expandidas 0 descripciones
[2026-02-19T16:51:33.349Z] [LOG]   Intentando obtener información de contacto...
[2026-02-19T16:51:33.349Z] [LOG]   Navegando a modal de contacto: https://www.linkedin.com/in/ersonleoncolumbus/overlay/contact-info/
[2026-02-19T16:51:38.439Z] [LOG]   Modal de contacto encontrado
[2026-02-19T16:51:38.447Z] [LOG]   Información de contacto extraída: email=N/A, teléfono=N/A, sitio=https://oe.cd/PERU
[2026-02-19T16:51:42.600Z] [LOG]   Nombre del perfil extraído: Erson L.
[2026-02-19T16:51:42.600Z] [LOG]   Obteniendo experiencia desde: https://www.linkedin.com/in/ersonleoncolumbus/details/experience/
[2026-02-19T16:51:51.105Z] [LOG]   Experiencia extraída desde details/experience: 0 entradas
[2026-02-19T16:51:57.232Z] [LOG]     [8/10] Fernando Piccini
[2026-02-19T16:51:57.233Z] [LOG] Obteniendo detalles del perfil: https://www.linkedin.com/in/fernandopiccini/
[2026-02-19T16:52:02.427Z] [LOG]   URL del perfil: https://www.linkedin.com/in/fernandopiccini/
[2026-02-19T16:52:02.427Z] [LOG]   Cargando contenido completo del perfil...
[2026-02-19T16:52:06.341Z] [LOG]   Expandiendo secciones "Ver más"...
[2026-02-19T16:52:06.350Z] [LOG]   Sección de experiencia encontrada, expandiendo...
[2026-02-19T16:52:13.384Z] [LOG]   Haciendo scroll dentro de la sección de experiencia...
[2026-02-19T16:52:20.911Z] [LOG]   Buscando botón "Mostrar todas las experiencias"...
[2026-02-19T16:52:20.913Z] [LOG]   Encontrado botón "Mostrar todas las experiencias", navegando a: https://www.linkedin.com/in/fernandopiccini/details/experience?profileUrn=urn%3Ali%3Afsd_profile%3AACoAAAAXjYQBmfhKcBoes-S_7vd3-4xuFkzPN5g
[2026-02-19T16:52:28.786Z] [LOG]   Expandidas 0 descripciones
[2026-02-19T16:52:32.796Z] [LOG]   Intentando obtener información de contacto...
[2026-02-19T16:52:32.797Z] [LOG]   Navegando a modal de contacto: https://www.linkedin.com/in/fernandopiccini/overlay/contact-info/
[2026-02-19T16:52:37.777Z] [LOG]   Modal de contacto encontrado
[2026-02-19T16:52:37.784Z] [LOG]   Información de contacto extraída: email=N/A, teléfono=N/A, sitio=N/A
[2026-02-19T16:52:48.672Z] [LOG]   Nombre del perfil extraído: Fernando Piccini
[2026-02-19T16:52:48.672Z] [LOG]   Obteniendo experiencia desde: https://www.linkedin.com/in/fernandopiccini/details/experience/
[2026-02-19T16:52:57.387Z] [LOG]   Experiencia extraída desde details/experience: 0 entradas
[2026-02-19T16:53:04.114Z] [LOG]     [9/10] Franco Iparraguirre
[2026-02-19T16:53:04.114Z] [LOG] Obteniendo detalles del perfil: https://www.linkedin.com/in/francoiparraguirre/
[2026-02-19T16:53:09.506Z] [LOG]   URL del perfil: https://www.linkedin.com/in/francoiparraguirre/
[2026-02-19T16:53:09.507Z] [LOG]   Cargando contenido completo del perfil...
[2026-02-19T16:53:13.434Z] [LOG]   Expandiendo secciones "Ver más"...
[2026-02-19T16:53:13.443Z] [LOG]   Sección de experiencia encontrada, expandiendo...
[2026-02-19T16:53:20.458Z] [LOG]   Haciendo scroll dentro de la sección de experiencia...
[2026-02-19T16:53:27.993Z] [LOG]   Buscando botón "Mostrar todas las experiencias"...
[2026-02-19T16:53:27.994Z] [LOG]   Encontrado botón "Mostrar todas las experiencias", navegando a: https://www.linkedin.com/in/francoiparraguirre/details/experience?profileUrn=urn%3Ali%3Afsd_profile%3AACoAAAfkS-gBHsksrSuf9du9lrtIF1luLjvbUkg
[2026-02-19T16:53:36.095Z] [LOG]   Expandidas 0 descripciones
[2026-02-19T16:53:40.116Z] [LOG]   Intentando obtener información de contacto...
[2026-02-19T16:53:40.116Z] [LOG]   Navegando a modal de contacto: https://www.linkedin.com/in/francoiparraguirre/overlay/contact-info/
[2026-02-19T16:53:45.714Z] [LOG]   Modal de contacto encontrado
[2026-02-19T16:53:45.717Z] [LOG]   Información de contacto extraída: email=N/A, teléfono=N/A, sitio=N/A
[2026-02-19T16:53:50.231Z] [LOG]   Nombre del perfil extraído: Franco Iparraguirre
[2026-02-19T16:53:50.231Z] [LOG]   Obteniendo experiencia desde: https://www.linkedin.com/in/francoiparraguirre/details/experience/
[2026-02-19T16:53:59.059Z] [LOG]   Experiencia extraída desde details/experience: 0 entradas
[2026-02-19T16:54:05.508Z] [LOG]     [10/10] Juan José Ubaldo
[2026-02-19T16:54:05.508Z] [LOG] Obteniendo detalles del perfil: https://www.linkedin.com/in/juanjoseubaldo/
[2026-02-19T16:54:11.000Z] [LOG]   URL del perfil: https://www.linkedin.com/in/juanjoseubaldo/
[2026-02-19T16:54:11.000Z] [LOG]   Cargando contenido completo del perfil...
[2026-02-19T16:54:14.907Z] [LOG]   Expandiendo secciones "Ver más"...
[2026-02-19T16:54:14.916Z] [LOG]   Sección de experiencia encontrada, expandiendo...
[2026-02-19T16:54:21.947Z] [LOG]   Haciendo scroll dentro de la sección de experiencia...
[2026-02-19T16:54:30.227Z] [LOG]   Buscando botón "Mostrar todas las experiencias"...
[2026-02-19T16:54:30.229Z] [LOG]   Encontrado botón "Mostrar todas las experiencias", navegando a: https://www.linkedin.com/in/juanjoseubaldo/details/experience?profileUrn=urn%3Ali%3Afsd_profile%3AACoAAAQ271oBV_ttbEr5yB2HQ0WblNZhM926rTA
[2026-02-19T16:54:38.603Z] [LOG]   Expandidas 0 descripciones
[2026-02-19T16:54:42.615Z] [LOG]   Intentando obtener información de contacto...
[2026-02-19T16:54:42.615Z] [LOG]   Navegando a modal de contacto: https://www.linkedin.com/in/juanjoseubaldo/overlay/contact-info/
[2026-02-19T16:54:48.256Z] [LOG]   Modal de contacto encontrado
[2026-02-19T16:54:48.264Z] [LOG]   Información de contacto extraída: email=N/A, teléfono=N/A, sitio=http://bit.ly/3LbROgf
[2026-02-19T16:54:52.862Z] [LOG]   Nombre del perfil extraído: Juan José Ubaldo
[2026-02-19T16:54:52.862Z] [LOG]   Obteniendo experiencia desde: https://www.linkedin.com/in/juanjoseubaldo/details/experience/
[2026-02-19T16:55:08.610Z] [LOG]   Experiencia extraída desde details/experience: 0 entradas
[2026-02-19T16:55:13.286Z] [LOG] 
✓ Se encontraron 10 perfiles:

[2026-02-19T16:55:13.287Z] [LOG] 
--- Perfil 1 ---
[2026-02-19T16:55:13.287Z] [LOG] Nombre: Luis Chipoco
[2026-02-19T16:55:13.287Z] [LOG] Título: N/A
[2026-02-19T16:55:13.287Z] [LOG] Ubicación: N/A
[2026-02-19T16:55:13.287Z] [LOG] URL: https://www.linkedin.com/in/luis-chipoco-0852a136/
[2026-02-19T16:55:13.287Z] [LOG] ✓ Detalles completos obtenidos
[2026-02-19T16:55:13.287Z] [LOG] 
--- Perfil 2 ---
[2026-02-19T16:55:13.287Z] [LOG] Nombre: Juan Martín Valdivia
[2026-02-19T16:55:13.287Z] [LOG] Título: N/A
[2026-02-19T16:55:13.287Z] [LOG] Ubicación: N/A
[2026-02-19T16:55:13.287Z] [LOG] URL: https://www.linkedin.com/in/juanmartinv/
[2026-02-19T16:55:13.288Z] [LOG] ✓ Detalles completos obtenidos
[2026-02-19T16:55:13.288Z] [LOG] 
--- Perfil 3 ---
[2026-02-19T16:55:13.288Z] [LOG] Nombre: Tony Pinedo
[2026-02-19T16:55:13.288Z] [LOG] Título: N/A
[2026-02-19T16:55:13.288Z] [LOG] Ubicación: N/A
[2026-02-19T16:55:13.288Z] [LOG] URL: https://www.linkedin.com/in/tony-pinedo-revilla/
[2026-02-19T16:55:13.288Z] [LOG] ✓ Detalles completos obtenidos
[2026-02-19T16:55:13.288Z] [LOG] 
--- Perfil 4 ---
[2026-02-19T16:55:13.288Z] [LOG] Nombre: Frecia Ortiz
[2026-02-19T16:55:13.288Z] [LOG] Título: N/A
[2026-02-19T16:55:13.288Z] [LOG] Ubicación: N/A
[2026-02-19T16:55:13.288Z] [LOG] URL: https://www.linkedin.com/in/frecia-ortiz-68185183/
[2026-02-19T16:55:13.288Z] [LOG] ✓ Detalles completos obtenidos
[2026-02-19T16:55:13.289Z] [LOG] 
--- Perfil 5 ---
[2026-02-19T16:55:13.289Z] [LOG] Nombre: Karellys Aranda
[2026-02-19T16:55:13.289Z] [LOG] Título: N/A
[2026-02-19T16:55:13.289Z] [LOG] Ubicación: N/A
[2026-02-19T16:55:13.289Z] [LOG] URL: https://www.linkedin.com/in/karellysaranda/
[2026-02-19T16:55:13.289Z] [LOG] ✓ Detalles completos obtenidos
[2026-02-19T16:55:13.289Z] [LOG] 
--- Perfil 6 ---
[2026-02-19T16:55:13.289Z] [LOG] Nombre: Edgar Rivas López
[2026-02-19T16:55:13.289Z] [LOG] Título: N/A
[2026-02-19T16:55:13.289Z] [LOG] Ubicación: N/A
[2026-02-19T16:55:13.289Z] [LOG] URL: https://www.linkedin.com/in/edgar-rivas-l%C3%B3pez/
[2026-02-19T16:55:13.289Z] [LOG] ✓ Detalles completos obtenidos
[2026-02-19T16:55:13.289Z] [LOG] 
--- Perfil 7 ---
[2026-02-19T16:55:13.290Z] [LOG] Nombre: Erson L.
[2026-02-19T16:55:13.290Z] [LOG] Título: N/A
[2026-02-19T16:55:13.290Z] [LOG] Ubicación: N/A
[2026-02-19T16:55:13.290Z] [LOG] URL: https://www.linkedin.com/in/ersonleoncolumbus/
[2026-02-19T16:55:13.290Z] [LOG] ✓ Detalles completos obtenidos
[2026-02-19T16:55:13.290Z] [LOG] 
--- Perfil 8 ---
[2026-02-19T16:55:13.290Z] [LOG] Nombre: Fernando Piccini
[2026-02-19T16:55:13.290Z] [LOG] Título: N/A
[2026-02-19T16:55:13.290Z] [LOG] Ubicación: N/A
[2026-02-19T16:55:13.290Z] [LOG] URL: https://www.linkedin.com/in/fernandopiccini/
[2026-02-19T16:55:13.290Z] [LOG] ✓ Detalles completos obtenidos
[2026-02-19T16:55:13.290Z] [LOG] 
--- Perfil 9 ---
[2026-02-19T16:55:13.290Z] [LOG] Nombre: Franco Iparraguirre
[2026-02-19T16:55:13.290Z] [LOG] Título: N/A
[2026-02-19T16:55:13.291Z] [LOG] Ubicación: N/A
[2026-02-19T16:55:13.291Z] [LOG] URL: https://www.linkedin.com/in/francoiparraguirre/
[2026-02-19T16:55:13.291Z] [LOG] ✓ Detalles completos obtenidos
[2026-02-19T16:55:13.291Z] [LOG] 
--- Perfil 10 ---
[2026-02-19T16:55:13.291Z] [LOG] Nombre: Juan José Ubaldo
[2026-02-19T16:55:13.291Z] [LOG] Título: N/A
[2026-02-19T16:55:13.291Z] [LOG] Ubicación: N/A
[2026-02-19T16:55:13.291Z] [LOG] URL: https://www.linkedin.com/in/juanjoseubaldo/
[2026-02-19T16:55:13.291Z] [LOG] ✓ Detalles completos obtenidos
[2026-02-19T16:55:13.293Z] [LOG] 
✓ Resultados guardados en: resultados_Director_Financiero_(CFO)_1771520113291.json
[2026-02-19T16:55:13.293Z] [LOG] 
Cerrando navegador en 5 segundos...
[2026-02-19T16:55:18.307Z] [LOG] ✓ Cookies guardadas
[2026-02-19T16:55:18.602Z] [LOG] Navegador cerrado
[2026-02-19T16:55:18.602Z] EJECUCIÓN FINALIZADA

============================================================
[2026-02-19T19:27:03.192Z] EJECUCIÓN INICIADA - process.argv: C:\Users\pc\Documents\pruebaSccraping\index.js --clear-session
============================================================
[2026-02-19T19:27:03.194Z] [LOG] Iniciando navegador...
[2026-02-19T19:27:04.298Z] [LOG] ✓ Cookies cargadas desde sesión anterior
[2026-02-19T19:27:04.299Z] [LOG] Verificando sesión activa...
[2026-02-19T19:27:12.762Z] [LOG] ✓ Sesión activa encontrada. Continuando sin login...
[2026-02-19T19:27:12.762Z] [LOG] ✓ Cookies eliminadas. Se requerirá login en la próxima ejecución.
[2026-02-19T19:27:12.763Z] [LOG] Sesión limpiada. Ejecuta nuevamente para hacer login.
[2026-02-19T19:27:12.765Z] [LOG] ✓ Cookies guardadas
[2026-02-19T19:27:13.085Z] [LOG] Navegador cerrado
[2026-02-19T19:27:13.085Z] [LOG] 
Cerrando navegador en 5 segundos...
[2026-02-19T19:27:18.094Z] [LOG] Navegador cerrado
[2026-02-19T19:27:18.094Z] EJECUCIÓN FINALIZADA

============================================================
[2026-02-19T19:27:21.336Z] EJECUCIÓN INICIADA - process.argv: C:\Users\pc\Documents\pruebaSccraping\index.js Director Financiero (CFO) --keywords=director financiero (cfo),director,financiero,cfo,mba,finanzas,lima, perú
============================================================
[2026-02-19T19:27:21.338Z] [LOG] Iniciando navegador...
[2026-02-19T19:27:21.827Z] [LOG] ✓ Cookies cargadas desde sesión anterior
[2026-02-19T19:27:21.827Z] [LOG] Verificando sesión activa...
[2026-02-19T19:27:30.083Z] [LOG] ✓ Sesión activa encontrada. Continuando sin login...
[2026-02-19T19:27:30.083Z] [LOG] [DEBUG] process.argv: ["C:\\nvm4w\\nodejs\\node.exe","C:\\Users\\pc\\Documents\\pruebaSccraping\\index.js","Director Financiero (CFO)","--keywords=director financiero (cfo),director,financiero,cfo,mba,finanzas,lima, perú"]
[2026-02-19T19:27:30.084Z] [LOG] 
=== Buscando: Director Financiero (CFO) ===

[2026-02-19T19:27:30.084Z] [LOG] Palabras clave para priorizar barrido: director financiero (cfo), director, financiero, cfo, mba, finanzas, lima, perú

[2026-02-19T19:27:30.084Z] [LOG] Buscando: Director Financiero (CFO)...
[2026-02-19T19:27:30.085Z] [LOG] Palabras clave para priorizar barrido: director financiero (cfo), director, financiero, cfo, mba, finanzas, lima, perú
[2026-02-19T19:27:30.085Z] [LOG] Query enviada a LinkedIn: Director Financiero (CFO) director financiero (cfo) director financiero cfo mba
[2026-02-19T19:27:31.067Z] [ERROR] Error durante la búsqueda: net::ERR_ABORTED at https://www.linkedin.com/search/results/people/?keywords=Director%20Financiero%20(CFO)%20director%20financiero%20(cfo)%20director%20financiero%20cfo%20mba&origin=SWITCH_SEARCH_VERTICAL&geoUrn=%5B%22102927786%22%5D
[2026-02-19T19:27:31.067Z] [LOG] No se encontraron perfiles.
[2026-02-19T19:27:31.068Z] [LOG] 
Cerrando navegador en 5 segundos...
[2026-02-19T19:27:36.080Z] [LOG] ✓ Cookies guardadas
[2026-02-19T19:27:36.490Z] [LOG] Navegador cerrado
[2026-02-19T19:27:36.491Z] EJECUCIÓN FINALIZADA

============================================================
[2026-02-19T19:27:38.551Z] EJECUCIÓN INICIADA - process.argv: C:\Users\pc\Documents\pruebaSccraping\index.js Director Financiero (CFO) --keywords=director financiero (cfo),director,financiero,cfo,mba,finanzas,lima, perú
============================================================
[2026-02-19T19:27:38.553Z] [LOG] Iniciando navegador...
[2026-02-19T19:27:39.176Z] [LOG] ✓ Cookies cargadas desde sesión anterior
[2026-02-19T19:27:39.177Z] [LOG] Verificando sesión activa...
[2026-02-19T19:27:42.120Z] [LOG] No hay sesión activa. Iniciando sesión...
[2026-02-19T19:27:42.120Z] [LOG] Iniciando sesión en LinkedIn...
[2026-02-19T19:27:50.060Z] [ERROR] Error durante el login: Node is either not clickable or not an Element
[2026-02-19T19:27:50.060Z] [LOG] Verifica que las credenciales sean correctas y que no haya CAPTCHA.
[2026-02-19T19:27:50.062Z] [LOG] ✓ Cookies guardadas
[2026-02-19T19:27:50.367Z] [LOG] Navegador cerrado
[2026-02-19T19:27:50.367Z] [LOG] 
Cerrando navegador en 5 segundos...
[2026-02-19T19:27:55.379Z] [LOG] Navegador cerrado
[2026-02-19T19:27:55.379Z] EJECUCIÓN FINALIZADA

============================================================
[2026-02-19T19:27:56.670Z] EJECUCIÓN INICIADA - process.argv: C:\Users\pc\Documents\pruebaSccraping\index.js --clear-session
============================================================
[2026-02-19T19:27:56.671Z] [LOG] Iniciando navegador...
[2026-02-19T19:27:57.230Z] [LOG] ✓ Cookies cargadas desde sesión anterior
[2026-02-19T19:27:57.231Z] [LOG] Verificando sesión activa...
[2026-02-19T19:28:00.242Z] [LOG] No hay sesión activa. Iniciando sesión...
[2026-02-19T19:28:00.243Z] [LOG] Iniciando sesión en LinkedIn...
[2026-02-19T19:28:02.696Z] [ERROR] Error durante el login: Node is either not clickable or not an Element
[2026-02-19T19:28:02.696Z] [LOG] Verifica que las credenciales sean correctas y que no haya CAPTCHA.
[2026-02-19T19:28:02.698Z] [LOG] ✓ Cookies guardadas
[2026-02-19T19:28:02.976Z] [LOG] Navegador cerrado
[2026-02-19T19:28:02.977Z] [LOG] 
Cerrando navegador en 5 segundos...
[2026-02-19T19:28:07.988Z] [LOG] Navegador cerrado
[2026-02-19T19:28:07.989Z] EJECUCIÓN FINALIZADA

============================================================
[2026-02-19T19:28:16.185Z] EJECUCIÓN INICIADA - process.argv: C:\Users\pc\Documents\pruebaSccraping\index.js --clear-session
============================================================
[2026-02-19T19:28:16.186Z] [LOG] Iniciando navegador...
[2026-02-19T19:28:16.735Z] [LOG] ✓ Cookies cargadas desde sesión anterior
[2026-02-19T19:28:16.736Z] [LOG] Verificando sesión activa...
[2026-02-19T19:28:19.674Z] [LOG] No hay sesión activa. Iniciando sesión...
[2026-02-19T19:28:19.675Z] [LOG] Iniciando sesión en LinkedIn...
[2026-02-19T19:28:22.052Z] [ERROR] Error durante el login: Node is either not clickable or not an Element
[2026-02-19T19:28:22.052Z] [LOG] Verifica que las credenciales sean correctas y que no haya CAPTCHA.
[2026-02-19T19:28:22.054Z] [LOG] ✓ Cookies guardadas
[2026-02-19T19:28:22.354Z] [LOG] Navegador cerrado
[2026-02-19T19:28:22.355Z] [LOG] 
Cerrando navegador en 5 segundos...
[2026-02-19T19:28:27.359Z] [LOG] Navegador cerrado
[2026-02-19T19:28:27.359Z] EJECUCIÓN FINALIZADA

============================================================
[2026-02-19T19:28:28.892Z] EJECUCIÓN INICIADA - process.argv: C:\Users\pc\Documents\pruebaSccraping\index.js Director Financiero (CFO) --keywords=director financiero (cfo),director,financiero,cfo,mba,finanzas,lima, perú
============================================================
[2026-02-19T19:28:28.894Z] [LOG] Iniciando navegador...
[2026-02-19T19:28:29.403Z] [LOG] ✓ Cookies cargadas desde sesión anterior
[2026-02-19T19:28:29.404Z] [LOG] Verificando sesión activa...
[2026-02-19T19:28:32.573Z] [LOG] Error verificando sesión: Execution context was destroyed, most likely because of a navigation.
[2026-02-19T19:28:32.573Z] [LOG] No hay sesión activa. Iniciando sesión...
[2026-02-19T19:28:32.573Z] [LOG] Iniciando sesión en LinkedIn...
[2026-02-19T19:28:35.027Z] [ERROR] Error durante el login: Waiting for selector `#username, input[name="session_key"]` failed: Protocol error (Runtime.evaluate): Session closed. Most likely the page has been closed.
[2026-02-19T19:28:35.027Z] [LOG] Verifica que las credenciales sean correctas y que no haya CAPTCHA.
[2026-02-19T19:28:35.314Z] [LOG] Navegador cerrado
[2026-02-19T19:28:35.314Z] [LOG] 
Cerrando navegador en 5 segundos...
[2026-02-19T19:28:40.323Z] [LOG] Navegador cerrado
[2026-02-19T19:28:40.323Z] EJECUCIÓN FINALIZADA

============================================================
[2026-02-19T19:28:41.651Z] EJECUCIÓN INICIADA - process.argv: C:\Users\pc\Documents\pruebaSccraping\index.js Director Financiero (CFO) --keywords=director financiero (cfo),director,financiero,cfo,mba,finanzas,lima, perú
============================================================
[2026-02-19T19:28:41.653Z] [LOG] Iniciando navegador...
[2026-02-19T19:28:42.144Z] [LOG] ✓ Cookies cargadas desde sesión anterior
[2026-02-19T19:28:42.145Z] [LOG] Verificando sesión activa...
[2026-02-19T19:28:44.873Z] [LOG] No hay sesión activa. Iniciando sesión...
[2026-02-19T19:28:44.874Z] [LOG] Iniciando sesión en LinkedIn...
[2026-02-19T19:28:53.266Z] [LOG] Esperando respuesta del servidor...
[2026-02-19T19:29:12.620Z] [LOG] Timeout en navegación, verificando estado...
[2026-02-19T19:29:15.635Z] [ERROR] Error durante el login: Requesting main frame too early!
[2026-02-19T19:29:15.636Z] [LOG] Verifica que las credenciales sean correctas y que no haya CAPTCHA.

============================================================
[2026-02-19T19:29:26.387Z] EJECUCIÓN INICIADA - process.argv: C:\Users\pc\Documents\pruebaSccraping\index.js Director Financiero (CFO) --keywords=director financiero (cfo),director,financiero,cfo,mba,finanzas,lima, perú
============================================================
[2026-02-19T19:29:26.389Z] [LOG] Iniciando navegador...
[2026-02-19T19:29:26.880Z] [LOG] ✓ Cookies cargadas desde sesión anterior
[2026-02-19T19:29:26.880Z] [LOG] Verificando sesión activa...
[2026-02-19T19:29:29.528Z] [LOG] No hay sesión activa. Iniciando sesión...
[2026-02-19T19:29:29.529Z] [LOG] Iniciando sesión en LinkedIn...
[2026-02-19T19:29:36.682Z] [LOG] Esperando respuesta del servidor...
[2026-02-19T19:29:44.982Z] [LOG] URL actual: https://www.linkedin.com/checkpoint/lg/login-submit
[2026-02-19T19:29:44.983Z] [LOG] ⚠ LinkedIn está solicitando verificación de seguridad (p. ej. escaneo o comprobación).
[2026-02-19T19:29:44.983Z] [LOG] Complétala en el navegador. Comprobando cada 15 s hasta 5 minutos...
[2026-02-19T19:30:00.158Z] [LOG]    Esperando... (hasta 5 min restantes)

============================================================
[2026-02-19T19:30:15.868Z] EJECUCIÓN INICIADA - process.argv: C:\Users\pc\Documents\pruebaSccraping\index.js Director Financiero (CFO) --keywords=director financiero (cfo),director,financiero,cfo,mba,finanzas,lima, perú
============================================================
[2026-02-19T19:30:15.870Z] [LOG] Iniciando navegador...
[2026-02-19T19:30:16.357Z] [LOG] ✓ Cookies cargadas desde sesión anterior
[2026-02-19T19:30:16.357Z] [LOG] Verificando sesión activa...
[2026-02-19T19:30:19.102Z] [LOG] No hay sesión activa. Iniciando sesión...
[2026-02-19T19:30:19.102Z] [LOG] Iniciando sesión en LinkedIn...
[2026-02-19T19:30:26.271Z] [LOG] Esperando respuesta del servidor...
[2026-02-19T19:31:26.276Z] [LOG] Timeout en navegación, verificando estado...
[2026-02-19T19:31:29.292Z] [LOG] URL actual: https://www.linkedin.com/checkpoint/challenge/AgFYZykkYUeBtAAAAZx3Ydn-3ziWWvpQIpS0U9IMbOISUCzIv0NL2KoKzlQ-3KYwGaltLt7TUwzAF9rx9rzlBQLiK0YpNg?ut=3CnlQ55WXOxs81
[2026-02-19T19:31:29.293Z] [LOG] ⚠ LinkedIn está solicitando verificación de seguridad (p. ej. escaneo o comprobación).
[2026-02-19T19:31:29.293Z] [LOG] Complétala en el navegador. Comprobando cada 15 s hasta 5 minutos...
[2026-02-19T19:31:44.297Z] [LOG]    Esperando... (hasta 5 min restantes)
[2026-02-19T19:31:59.309Z] [LOG]    Esperando... (hasta 5 min restantes)
[2026-02-19T19:32:14.320Z] [LOG]    Esperando... (hasta 5 min restantes)
[2026-02-19T19:32:29.335Z] [LOG]    Esperando... (hasta 4 min restantes)
[2026-02-19T19:32:44.340Z] [ERROR] Error durante el login: Requesting main frame too early!
[2026-02-19T19:32:44.341Z] [LOG] Verifica que las credenciales sean correctas y que no haya CAPTCHA.

============================================================
[2026-02-19T19:34:19.615Z] EJECUCIÓN INICIADA - process.argv: C:\Users\pc\Documents\pruebaSccraping\index.js Director Financiero (CFO) --keywords=director financiero (cfo),director,financiero,cfo,mba,finanzas,lima, perú
============================================================
[2026-02-19T19:34:19.617Z] [LOG] Iniciando navegador...
[2026-02-19T19:34:20.115Z] [LOG] ✓ Cookies cargadas desde sesión anterior
[2026-02-19T19:34:20.116Z] [LOG] Verificando sesión activa...
[2026-02-19T19:34:22.852Z] [LOG] No hay sesión activa. Iniciando sesión...
[2026-02-19T19:34:22.852Z] [LOG] Iniciando sesión en LinkedIn...
[2026-02-19T19:34:30.297Z] [LOG] Esperando respuesta del servidor...
[2026-02-19T19:35:19.861Z] [LOG] Timeout en navegación, verificando estado...
[2026-02-19T19:35:22.866Z] [ERROR] Error durante el login: Requesting main frame too early!
[2026-02-19T19:35:22.867Z] [LOG] Verifica que las credenciales sean correctas y que no haya CAPTCHA.

============================================================
[2026-02-19T19:35:29.129Z] EJECUCIÓN INICIADA - process.argv: C:\Users\pc\Documents\pruebaSccraping\index.js Director Financiero (CFO) --keywords=director financiero (cfo),director,financiero,cfo,mba,finanzas,lima, perú
============================================================
[2026-02-19T19:35:29.131Z] [LOG] Iniciando navegador...
[2026-02-19T19:35:29.660Z] [LOG] ✓ Cookies cargadas desde sesión anterior
[2026-02-19T19:35:29.661Z] [LOG] Verificando sesión activa...
[2026-02-19T19:35:32.570Z] [LOG] No hay sesión activa. Iniciando sesión...
[2026-02-19T19:35:32.570Z] [LOG] Iniciando sesión en LinkedIn...
[2026-02-19T19:35:39.942Z] [LOG] Esperando respuesta del servidor...
[2026-02-19T19:36:39.951Z] [LOG] Timeout en navegación, verificando estado...
[2026-02-19T19:36:42.957Z] [LOG] URL actual: https://www.linkedin.com/checkpoint/challenge/AgGhvZvz8m_96QAAAZx3ZqLji1Oe6zLch_Dy25ugSDIDeMs6yj6ejJnF3BirZBkikFEXUeL4ySekVs1GIRjRvIM84iUF_A?ut=38issPrQHTxs81
[2026-02-19T19:36:42.959Z] [LOG] ⚠ LinkedIn muestra verificación "No soy un robot" / comprobación rápida de seguridad.
[2026-02-19T19:36:42.959Z] [LOG] Marca la casilla y resuélvela en el navegador. Comprobando cada 15 s hasta 5 minutos...
[2026-02-19T19:36:57.973Z] [LOG]    Esperando... (hasta 5 min restantes)
[2026-02-19T19:37:12.984Z] [LOG]    Esperando... (hasta 5 min restantes)
[2026-02-19T19:37:28.001Z] [LOG]    Esperando... (hasta 5 min restantes)
[2026-02-19T19:37:43.013Z] [LOG]    Esperando... (hasta 4 min restantes)
[2026-02-19T19:37:58.025Z] [LOG]    Esperando... (hasta 4 min restantes)
[2026-02-19T19:38:13.037Z] [LOG]    Esperando... (hasta 4 min restantes)
[2026-02-19T19:38:28.049Z] [LOG]    Esperando... (hasta 4 min restantes)
[2026-02-19T19:38:43.053Z] [LOG]    Esperando... (hasta 3 min restantes)
[2026-02-19T19:38:58.066Z] [LOG]    Esperando... (hasta 3 min restantes)
[2026-02-19T19:39:13.072Z] [LOG]    Esperando... (hasta 3 min restantes)
[2026-02-19T19:39:28.085Z] [LOG]    Esperando... (hasta 3 min restantes)
[2026-02-19T19:39:43.096Z] [LOG]    Esperando... (hasta 2 min restantes)
[2026-02-19T19:39:58.113Z] [LOG]    Esperando... (hasta 2 min restantes)
[2026-02-19T19:40:13.126Z] [LOG]    Esperando... (hasta 2 min restantes)
[2026-02-19T19:40:28.132Z] [LOG]    Esperando... (hasta 2 min restantes)
[2026-02-19T19:40:43.142Z] [LOG]    Esperando... (hasta 1 min restantes)
[2026-02-19T19:40:58.146Z] [LOG]    Esperando... (hasta 1 min restantes)
[2026-02-19T19:41:13.152Z] [LOG]    Esperando... (hasta 1 min restantes)
[2026-02-19T19:41:28.155Z] [LOG]    Esperando... (hasta 1 min restantes)
[2026-02-19T19:41:43.162Z] [LOG]    Esperando... (hasta 0 min restantes)
[2026-02-19T19:41:43.162Z] [LOG] ✗ Tiempo agotado. Vuelve a ejecutar cuando hayas completado la verificación.
[2026-02-19T19:41:43.164Z] [LOG] ✓ Cookies guardadas
[2026-02-19T19:41:43.381Z] [LOG] Navegador cerrado
[2026-02-19T19:41:43.381Z] [LOG] 
Cerrando navegador en 5 segundos...
[2026-02-19T19:41:48.381Z] [LOG] Navegador cerrado
[2026-02-19T19:41:48.381Z] EJECUCIÓN FINALIZADA

============================================================
[2026-02-19T21:14:44.362Z] EJECUCIÓN INICIADA - process.argv: C:\Users\pc\Documents\pruebaSccraping\index.js Director Financiero (CFO) --keywords=director financiero (cfo),director,financiero,cfo,mba,finanzas,lima, perú
============================================================
[2026-02-19T21:14:44.364Z] [LOG] Iniciando navegador...
[2026-02-19T21:14:44.857Z] [LOG] ✓ Cookies cargadas desde sesión anterior
[2026-02-19T21:14:44.858Z] [LOG] Verificando sesión activa...
[2026-02-19T21:14:47.679Z] [LOG] No hay sesión activa. Iniciando sesión...
[2026-02-19T21:14:47.680Z] [LOG] Iniciando sesión en LinkedIn...
[2026-02-19T21:14:54.527Z] [LOG] Esperando respuesta del servidor...
[2026-02-19T21:14:59.687Z] [ERROR] Error durante el login: Requesting main frame too early!
[2026-02-19T21:14:59.688Z] [LOG] Verifica que las credenciales sean correctas y que no haya CAPTCHA.

============================================================
[2026-02-19T21:16:55.326Z] EJECUCIÓN INICIADA - process.argv: C:\Users\pc\Documents\pruebaSccraping\index.js Director Financiero (CFO) --keywords=director financiero (cfo),director,financiero,cfo,mba,finanzas,lima, perú
============================================================
[2026-02-19T21:16:55.328Z] [LOG] Iniciando navegador...
[2026-02-19T21:16:55.860Z] [LOG] ✓ Cookies cargadas desde sesión anterior
[2026-02-19T21:16:55.861Z] [LOG] Verificando sesión activa...
[2026-02-19T21:16:58.869Z] [LOG] No hay sesión activa. Iniciando sesión...
[2026-02-19T21:16:58.870Z] [LOG] Iniciando sesión en LinkedIn...
[2026-02-19T21:17:08.162Z] [LOG] Esperando respuesta del servidor...
[2026-02-19T21:17:12.683Z] [LOG] URL actual: https://www.linkedin.com/feed/
[2026-02-19T21:17:12.692Z] [LOG] ✓ Login exitoso
[2026-02-19T21:17:12.695Z] [LOG] ✓ Cookies guardadas
[2026-02-19T21:17:12.695Z] [LOG] [DEBUG] process.argv: ["C:\\nvm4w\\nodejs\\node.exe","C:\\Users\\pc\\Documents\\pruebaSccraping\\index.js","Director Financiero (CFO)","--keywords=director financiero (cfo),director,financiero,cfo,mba,finanzas,lima, perú"]
[2026-02-19T21:17:12.695Z] [LOG] 
=== Buscando: Director Financiero (CFO) ===

[2026-02-19T21:17:12.695Z] [LOG] Palabras clave para priorizar barrido: director financiero (cfo), director, financiero, cfo, mba, finanzas, lima, perú

[2026-02-19T21:17:12.696Z] [LOG] Buscando: Director Financiero (CFO)...
[2026-02-19T21:17:12.697Z] [LOG] Palabras clave para priorizar barrido: director financiero (cfo), director, financiero, cfo, mba, finanzas, lima, perú
[2026-02-19T21:17:12.697Z] [LOG] Query enviada a LinkedIn: Director Financiero (CFO) director financiero (cfo) director financiero cfo mba
[2026-02-19T21:17:13.449Z] [ERROR] Error durante la búsqueda: net::ERR_ABORTED at https://www.linkedin.com/search/results/people/?keywords=Director%20Financiero%20(CFO)%20director%20financiero%20(cfo)%20director%20financiero%20cfo%20mba&origin=SWITCH_SEARCH_VERTICAL&geoUrn=%5B%22102927786%22%5D
[2026-02-19T21:17:13.450Z] [LOG] No se encontraron perfiles.
[2026-02-19T21:17:13.450Z] [LOG] 
Cerrando navegador en 5 segundos...
[2026-02-19T21:20:18.468Z] [LOG] Navegador cerrado
[2026-02-19T21:20:18.469Z] EJECUCIÓN FINALIZADA

============================================================
[2026-02-19T21:25:52.416Z] EJECUCIÓN INICIADA - process.argv: C:\Users\pc\Documents\pruebaSccraping\index.js Director Financiero (CFO) --keywords=director financiero (cfo),director,financiero,cfo,mba,finanzas,lima, perú
============================================================
[2026-02-19T21:25:52.418Z] [LOG] Iniciando navegador...
[2026-02-19T21:25:52.991Z] [LOG] ✓ Cookies cargadas desde sesión anterior
[2026-02-19T21:25:52.992Z] [LOG] Verificando sesión activa...
[2026-02-19T21:25:56.060Z] [LOG] No hay sesión activa. Iniciando sesión...
[2026-02-19T21:25:56.061Z] [LOG] Iniciando sesión en LinkedIn...
[2026-02-19T21:25:58.627Z] [ERROR] Error durante el login: Node is either not clickable or not an Element
[2026-02-19T21:25:58.627Z] [LOG] Verifica que las credenciales sean correctas y que no haya CAPTCHA.
[2026-02-19T21:25:58.629Z] [LOG] ✓ Cookies guardadas
[2026-02-19T21:25:58.990Z] [LOG] Navegador cerrado
[2026-02-19T21:25:58.990Z] [LOG] 
Cerrando navegador en 5 segundos...
[2026-02-19T21:26:03.996Z] [LOG] Navegador cerrado
[2026-02-19T21:26:03.996Z] EJECUCIÓN FINALIZADA

============================================================
[2026-02-19T21:26:05.907Z] EJECUCIÓN INICIADA - process.argv: C:\Users\pc\Documents\pruebaSccraping\index.js --clear-session
============================================================
[2026-02-19T21:26:05.908Z] [LOG] Iniciando navegador...
[2026-02-19T21:26:06.417Z] [LOG] ✓ Cookies cargadas desde sesión anterior
[2026-02-19T21:26:06.418Z] [LOG] Verificando sesión activa...
[2026-02-19T21:26:09.351Z] [LOG] No hay sesión activa. Iniciando sesión...
[2026-02-19T21:26:09.351Z] [LOG] Iniciando sesión en LinkedIn...
[2026-02-19T21:26:12.816Z] [ERROR] Error durante el login: Protocol error (Input.dispatchKeyEvent): Session closed. Most likely the page has been closed.
[2026-02-19T21:26:12.817Z] [LOG] Verifica que las credenciales sean correctas y que no haya CAPTCHA.
[2026-02-19T21:26:13.076Z] [LOG] Navegador cerrado
[2026-02-19T21:26:13.076Z] [LOG] 
Cerrando navegador en 5 segundos...
[2026-02-19T21:26:18.081Z] [LOG] Navegador cerrado
[2026-02-19T21:26:18.082Z] EJECUCIÓN FINALIZADA

============================================================
[2026-02-19T21:26:20.328Z] EJECUCIÓN INICIADA - process.argv: C:\Users\pc\Documents\pruebaSccraping\index.js Director Financiero (CFO) --keywords=director financiero (cfo),director,financiero,cfo,mba,finanzas,lima, perú
============================================================
[2026-02-19T21:26:20.330Z] [LOG] Iniciando navegador...
[2026-02-19T21:26:20.877Z] [LOG] ✓ Cookies cargadas desde sesión anterior
[2026-02-19T21:26:20.878Z] [LOG] Verificando sesión activa...
[2026-02-19T21:26:23.732Z] [LOG] No hay sesión activa. Iniciando sesión...
[2026-02-19T21:26:23.732Z] [LOG] Iniciando sesión en LinkedIn...
[2026-02-19T21:26:33.617Z] [LOG] Esperando respuesta del servidor...
[2026-02-19T21:27:33.618Z] [LOG] Timeout en navegación, verificando estado...
[2026-02-19T21:27:36.621Z] [LOG] URL actual: https://www.linkedin.com/checkpoint/challenge/AgHEMep0OtlgogAAAZx3zCUgcycDUvIvdOyCJZ65uKn1jjHJBFL7rDlXUrjgqAY4SbhxE9ccWYkMWdkbMHzBwREDr-t33A?ut=1s7sxraKVCxI81
[2026-02-19T21:27:36.624Z] [LOG] ⚠ LinkedIn muestra verificación "No soy un robot" / comprobación rápida de seguridad (CAPTCHA).
[2026-02-19T21:27:36.624Z] [LOG] Marca la casilla en el navegador y resuélvela. Comprobando cada 15 s hasta 5 minutos...
[2026-02-19T21:27:51.627Z] [LOG]    Esperando... (hasta 5 min restantes)
[2026-02-19T21:28:06.637Z] [LOG]    Esperando... (hasta 5 min restantes)

============================================================
[2026-02-19T21:28:12.256Z] EJECUCIÓN INICIADA - process.argv: C:\Users\pc\Documents\pruebaSccraping\index.js Director Financiero (CFO) --keywords=director financiero (cfo),director,financiero,cfo,mba,finanzas,lima, perú
============================================================
[2026-02-19T21:28:12.257Z] [LOG] Iniciando navegador...
[2026-02-19T21:28:12.782Z] [LOG] ✓ Cookies cargadas desde sesión anterior
[2026-02-19T21:28:12.782Z] [LOG] Verificando sesión activa...
[2026-02-19T21:28:15.626Z] [LOG] No hay sesión activa. Iniciando sesión...
[2026-02-19T21:28:15.627Z] [LOG] Iniciando sesión en LinkedIn...
[2026-02-19T21:28:25.275Z] [LOG] Esperando respuesta del servidor...
[2026-02-19T21:29:25.280Z] [LOG] Timeout en navegación, verificando estado...
[2026-02-19T21:29:28.287Z] [LOG] URL actual: https://www.linkedin.com/checkpoint/challenge/AgGWRkdEp2SK6wAAAZx3zdpRtsQWPh68r3MLmT-wk4DA51rIRc3nEHlL6osJkBkJHHIKVlIRofi1m2YlVpFBWNnn_67_Ag?ut=0crBkgHpdExI81
[2026-02-19T21:29:28.290Z] [LOG] ⚠ LinkedIn solicita el código de verificación enviado a tu teléfono (2FA).
[2026-02-19T21:29:28.290Z] [LOG] Introduce el código en el navegador y pulsa Enviar. Comprobando cada 15 s hasta 5 minutos...
[2026-02-19T21:29:43.294Z] [LOG]    Esperando... (hasta 5 min restantes)

============================================================
[2026-02-19T21:29:57.359Z] EJECUCIÓN INICIADA - process.argv: C:\Users\pc\Documents\pruebaSccraping\index.js Director Financiero (CFO) --keywords=director financiero (cfo),director,financiero,cfo,mba,finanzas,lima, perú
============================================================
[2026-02-19T21:29:57.361Z] [LOG] Iniciando navegador...
[2026-02-19T21:29:57.925Z] [LOG] ✓ Cookies cargadas desde sesión anterior
[2026-02-19T21:29:57.925Z] [LOG] Verificando sesión activa...
[2026-02-19T21:30:01.131Z] [LOG] No hay sesión activa. Iniciando sesión...
[2026-02-19T21:30:01.131Z] [LOG] Iniciando sesión en LinkedIn...
[2026-02-19T21:30:11.000Z] [LOG] Esperando respuesta del servidor...
[2026-02-19T21:31:11.016Z] [LOG] Timeout en navegación, verificando estado...
[2026-02-19T21:31:14.024Z] [LOG] URL actual: https://www.linkedin.com/checkpoint/challenge/AgF2jDb6MPgnxAAAAZx3z3ZRkBTSkH8WFcvoxyv05kMFTo6BXRrSRP3crzASb6x_JGRcWhPJfTGJhs_KCdfoTv2pZYaemQ?ut=12mLnREixGxI81
[2026-02-19T21:31:14.028Z] [LOG] ⚠ LinkedIn solicita el código de verificación enviado a tu teléfono (2FA).
[2026-02-19T21:31:14.028Z] [LOG] Introduce el código en el navegador y pulsa Enviar. Comprobando cada 15 s hasta 5 minutos...
[2026-02-19T21:31:29.039Z] [LOG]    Esperando... (hasta 5 min restantes)
[2026-02-19T21:31:44.053Z] [LOG]    Esperando... (hasta 5 min restantes)
[2026-02-19T21:31:59.060Z] [LOG]    Esperando... (hasta 5 min restantes)
[2026-02-19T21:32:14.074Z] [LOG]    Esperando... (hasta 4 min restantes)
[2026-02-19T21:32:29.087Z] [LOG]    Esperando... (hasta 4 min restantes)
[2026-02-19T21:32:44.098Z] [LOG]    Esperando... (hasta 4 min restantes)

============================================================
[2026-02-19T21:35:27.919Z] EJECUCIÓN INICIADA - process.argv: C:\Users\pc\Documents\pruebaSccraping\index.js Director Financiero (CFO) --keywords=director financiero (cfo),director,financiero,cfo,mba,finanzas,lima, perú
============================================================
[2026-02-19T21:35:27.921Z] [LOG] Iniciando navegador en modo headless (sin pantalla, para servidor Linux)...
[2026-02-19T21:35:28.310Z] [LOG] ✓ Cookies cargadas desde sesión anterior
[2026-02-19T21:35:28.310Z] [LOG] Verificando sesión activa...
[2026-02-19T21:35:31.005Z] [LOG] No hay sesión activa. Iniciando sesión...
[2026-02-19T21:35:31.005Z] [LOG] Iniciando sesión en LinkedIn...
[2026-02-19T21:35:39.656Z] [LOG] Esperando respuesta del servidor...
[2026-02-19T21:36:39.671Z] [LOG] Timeout en navegación, verificando estado...
[2026-02-19T21:36:42.677Z] [LOG] URL actual: https://www.linkedin.com/checkpoint/lg/login?errorKey=challenge_global_internal_error&pageInstance=urn%3Ali%3Apage%3Acheckpoint_lg_login_default%3B8hXxR4emTaWioAXwZVkbvg%3D%3D&controlId=d_checkpoint_lg_consumer_login-login_submit_button
[2026-02-19T21:36:42.680Z] [LOG] ⚠ LinkedIn solicita el código de verificación enviado a tu teléfono (2FA).
[2026-02-19T21:36:42.680Z] [LOG] ✗ En servidor sin pantalla debes configurar LINKEDIN_2FA_CODE (o LINKEDIN_VERIFICATION_CODE) en .env con el código actual y reiniciar el script.
[2026-02-19T21:36:42.682Z] [LOG] ✓ Cookies guardadas
[2026-02-19T21:36:42.846Z] [LOG] Navegador cerrado
[2026-02-19T21:36:42.846Z] [LOG] 
Cerrando navegador en 5 segundos...
[2026-02-19T21:36:47.859Z] [LOG] Navegador cerrado
[2026-02-19T21:36:47.860Z] EJECUCIÓN FINALIZADA

============================================================
[2026-02-19T21:40:57.261Z] EJECUCIÓN INICIADA - process.argv: C:\Users\pc\Documents\pruebaSccraping\index.js Director Financiero (CFO) --keywords=director financiero (cfo),director,financiero,cfo,mba,finanzas,lima, perú
============================================================
[2026-02-19T21:40:57.263Z] [LOG] Iniciando navegador en modo headless (sin pantalla, para servidor Linux)...
[2026-02-19T21:40:57.629Z] [LOG] ✓ Cookies cargadas desde sesión anterior
[2026-02-19T21:40:57.630Z] [LOG] Verificando sesión activa...
[2026-02-19T21:41:00.273Z] [LOG] No hay sesión activa. Iniciando sesión...
[2026-02-19T21:41:00.274Z] [LOG] Iniciando sesión en LinkedIn...
[2026-02-19T21:41:08.939Z] [LOG] Esperando respuesta del servidor...
[2026-02-19T21:41:33.954Z] [LOG] Timeout en navegación, verificando estado...
[2026-02-19T21:41:41.966Z] [LOG] URL actual: https://www.linkedin.com/checkpoint/lg/login?errorKey=challenge_global_internal_error&pageInstance=urn%3Ali%3Apage%3Acheckpoint_lg_login_default%3BRw5zYnE1SquZya4zRdJJJQ%3D%3D&controlId=d_checkpoint_lg_consumer_login-login_submit_button
[2026-02-19T21:41:41.968Z] [LOG] ⚠ LinkedIn solicita el código de verificación enviado a tu teléfono (2FA).
[2026-02-19T21:41:41.969Z] [LOG] ✗ En servidor sin pantalla necesitas código 2FA dinámico:
[2026-02-19T21:41:41.969Z] [LOG]   - LINKEDIN_2FA_CODE_FILE=ruta/archivo.txt  (escribe el código en el archivo al recibir el SMS; se lee y se borra)
[2026-02-19T21:41:41.969Z] [LOG]   - LINKEDIN_2FA_CMD="comando que imprime el código"  (ej. script que lee de API/SMS)
[2026-02-19T21:41:41.969Z] [LOG]   - LINKEDIN_2FA_CODE=123456  (solo para esta ejecución; cambia en cada intento)
[2026-02-19T21:41:41.971Z] [LOG] ✓ Cookies guardadas
[2026-02-19T21:41:42.138Z] [LOG] Navegador cerrado
[2026-02-19T21:41:42.138Z] [LOG] 
Cerrando navegador en 5 segundos...
[2026-02-19T21:41:47.150Z] [LOG] Navegador cerrado
[2026-02-19T21:41:47.150Z] EJECUCIÓN FINALIZADA

============================================================
[2026-02-19T21:46:13.620Z] EJECUCIÓN INICIADA - process.argv: C:\Users\pc\Documents\pruebaSccraping\index.js Director Financiero (CFO) --keywords=director financiero (cfo),director,financiero,cfo,mba,finanzas,lima, perú
============================================================
[2026-02-19T21:46:13.622Z] [LOG] Iniciando navegador en modo headless (sin pantalla, para servidor Linux)...
[2026-02-19T21:46:14.116Z] [LOG] ✓ Cookies cargadas desde sesión anterior
[2026-02-19T21:46:14.117Z] [LOG] Verificando sesión activa...
[2026-02-19T21:46:16.995Z] [LOG] No hay sesión activa. Iniciando sesión...
[2026-02-19T21:46:16.996Z] [LOG] Iniciando sesión en LinkedIn...

============================================================
[2026-02-19T21:46:31.831Z] EJECUCIÓN INICIADA - process.argv: C:\Users\pc\Documents\pruebaSccraping\index.js Director Financiero (CFO) --keywords=director financiero (cfo),director,financiero,cfo,mba,finanzas,lima, perú
============================================================
[2026-02-19T21:46:31.832Z] [LOG] Iniciando navegador en modo headless (sin pantalla, para servidor Linux)...
[2026-02-19T21:46:32.319Z] [LOG] ✓ Cookies cargadas desde sesión anterior
[2026-02-19T21:46:32.320Z] [LOG] Verificando sesión activa...
[2026-02-19T21:46:35.183Z] [LOG] No hay sesión activa. Iniciando sesión...
[2026-02-19T21:46:35.184Z] [LOG] Iniciando sesión en LinkedIn...

============================================================
[2026-02-19T21:47:03.167Z] EJECUCIÓN INICIADA - process.argv: C:\Users\pc\Documents\pruebaSccraping\index.js Director Financiero (CFO) --keywords=director financiero (cfo),director,financiero,cfo,mba,finanzas,lima, perú
============================================================
[2026-02-19T21:47:03.168Z] [LOG] Iniciando navegador en modo headless (sin pantalla, para servidor Linux)...
[2026-02-19T21:47:03.535Z] [LOG] ✓ Cookies cargadas desde sesión anterior
[2026-02-19T21:47:03.535Z] [LOG] Verificando sesión activa...
[2026-02-19T21:47:06.349Z] [LOG] No hay sesión activa. Iniciando sesión...
[2026-02-19T21:47:06.350Z] [LOG] Iniciando sesión en LinkedIn...
[2026-02-19T21:47:13.861Z] [LOG] Esperando respuesta del servidor...
[2026-02-19T21:47:35.320Z] [LOG] URL actual: https://www.linkedin.com/feed/
[2026-02-19T21:47:35.519Z] [LOG] ✓ Login exitoso
[2026-02-19T21:47:35.521Z] [LOG] ✓ Cookies guardadas
[2026-02-19T21:47:35.521Z] [LOG] [DEBUG] process.argv: ["C:\\nvm4w\\nodejs\\node.exe","C:\\Users\\pc\\Documents\\pruebaSccraping\\index.js","Director Financiero (CFO)","--keywords=director financiero (cfo),director,financiero,cfo,mba,finanzas,lima, perú"]
[2026-02-19T21:47:35.522Z] [LOG] 
=== Buscando: Director Financiero (CFO) ===

[2026-02-19T21:47:35.522Z] [LOG] Palabras clave para priorizar barrido: director financiero (cfo), director, financiero, cfo, mba, finanzas, lima, perú

[2026-02-19T21:47:35.522Z] [LOG] Buscando: Director Financiero (CFO)...
[2026-02-19T21:47:35.522Z] [LOG] Palabras clave para priorizar barrido: director financiero (cfo), director, financiero, cfo, mba, finanzas, lima, perú
[2026-02-19T21:47:35.523Z] [LOG] Query enviada a LinkedIn: Director Financiero (CFO) director financiero (cfo) director financiero cfo mba
[2026-02-19T21:47:37.800Z] [LOG] URL actual: https://www.linkedin.com/search/results/people/?keywords=Director%20Financiero%20(CFO)%20director%20financiero%20(cfo)%20director%20financiero%20cfo%20mba&origin=SWITCH_SEARCH_VERTICAL&geoUrn=%5B%22102927786%22%5D
[2026-02-19T21:47:37.800Z] [LOG] Esperando a que carguen los resultados...
[2026-02-19T21:47:37.903Z] [LOG] ✓ Contenedor de resultados encontrado
[2026-02-19T21:47:41.914Z] [LOG] Haciendo scroll para cargar más resultados...
[2026-02-19T21:47:47.939Z] [LOG] Extrayendo información de perfiles (página 1)...
[2026-02-19T21:47:47.941Z] [LOG] Perfiles encontrados en página 1: 10
[2026-02-19T21:47:49.945Z] [LOG] Paginador: 1 hoja(s) detectada(s).
[2026-02-19T21:47:49.946Z] [LOG] Perfiles encontrados después de extracción (todas las hojas): 10
[2026-02-19T21:47:49.946Z] [LOG] [DEBUG searchPerson] maxResults=25, filteredProfiles.length=10
[2026-02-19T21:47:49.946Z] [LOG]   Obteniendo detalles completos de 10 perfiles...
[2026-02-19T21:47:49.946Z] [LOG]     [1/10] Luis Chipoco
[2026-02-19T21:47:49.947Z] [LOG] Obteniendo detalles del perfil: https://www.linkedin.com/in/luis-chipoco-0852a136/
[2026-02-19T21:47:54.865Z] [LOG]   URL del perfil: https://www.linkedin.com/in/luis-chipoco-0852a136/
[2026-02-19T21:47:54.866Z] [LOG]   Cargando contenido completo del perfil...
[2026-02-19T21:47:58.780Z] [LOG]   Expandiendo secciones "Ver más"...
[2026-02-19T21:47:58.788Z] [LOG]   Sección de experiencia encontrada, expandiendo...
[2026-02-19T21:48:05.812Z] [LOG]   Haciendo scroll dentro de la sección de experiencia...
[2026-02-19T21:48:13.355Z] [LOG]   Buscando botón "Mostrar todas las experiencias"...
[2026-02-19T21:48:13.357Z] [LOG]   Encontrado botón "Mostrar todas las experiencias", navegando a: https://www.linkedin.com/in/luis-chipoco-0852a136/details/experience?profileUrn=urn%3Ali%3Afsd_profile%3AACoAAAeEaSUBh_W6yzQlE4m78WH9FSLcgqOHBSc
[2026-02-19T21:48:21.122Z] [LOG]   Expandidas 0 descripciones
[2026-02-19T21:48:25.141Z] [LOG]   Intentando obtener información de contacto...
[2026-02-19T21:48:25.141Z] [LOG]   Navegando a modal de contacto: https://www.linkedin.com/in/luis-chipoco-0852a136/overlay/contact-info/
[2026-02-19T21:48:29.446Z] [LOG]   Modal de contacto encontrado
[2026-02-19T21:48:29.448Z] [LOG]   Información de contacto extraída: email=luarchip11@hotmail.com, teléfono=N/A, sitio=https://lnkd.in/dMjCUKcb

============================================================
[2026-02-19T21:56:12.822Z] EJECUCIÓN INICIADA - process.argv: C:\Users\pc\Documents\pruebaSccraping\index.js Director Financiero (CFO) --keywords=director financiero (cfo),director,financiero,cfo,mba,finanzas,lima, perú
============================================================
[2026-02-19T21:56:12.824Z] [LOG] Iniciando navegador en modo headless (sin pantalla, para servidor Linux)...
[2026-02-19T21:56:13.223Z] [LOG] ✓ Cookies cargadas desde sesión anterior
[2026-02-19T21:56:13.223Z] [LOG] Verificando sesión activa...
[2026-02-19T21:56:22.074Z] [LOG] ✓ Sesión activa encontrada. Continuando sin login...
[2026-02-19T21:56:22.074Z] [LOG] [DEBUG] process.argv: ["C:\\nvm4w\\nodejs\\node.exe","C:\\Users\\pc\\Documents\\pruebaSccraping\\index.js","Director Financiero (CFO)","--keywords=director financiero (cfo),director,financiero,cfo,mba,finanzas,lima, perú"]
[2026-02-19T21:56:22.074Z] [LOG] 
=== Buscando: Director Financiero (CFO) ===

[2026-02-19T21:56:22.075Z] [LOG] Palabras clave para priorizar barrido: director financiero (cfo), director, financiero, cfo, mba, finanzas, lima, perú

[2026-02-19T21:56:22.075Z] [LOG] Buscando: Director Financiero (CFO)...
[2026-02-19T21:56:22.076Z] [LOG] Palabras clave para priorizar barrido: director financiero (cfo), director, financiero, cfo, mba, finanzas, lima, perú
[2026-02-19T21:56:22.076Z] [LOG] Query enviada a LinkedIn: Director Financiero (CFO) director financiero (cfo) director financiero cfo mba
[2026-02-19T21:56:24.038Z] [LOG] URL actual: https://www.linkedin.com/search/results/people/?keywords=Director%20Financiero%20(CFO)%20director%20financiero%20(cfo)%20director%20financiero%20cfo%20mba&origin=SWITCH_SEARCH_VERTICAL&geoUrn=%5B%22102927786%22%5D
[2026-02-19T21:56:24.039Z] [LOG] Esperando a que carguen los resultados...
[2026-02-19T21:56:24.323Z] [LOG] ✓ Contenedor de resultados encontrado
[2026-02-19T21:56:28.338Z] [LOG] Haciendo scroll para cargar más resultados...
[2026-02-19T21:56:34.365Z] [LOG] Extrayendo información de perfiles (página 1)...
[2026-02-19T21:56:34.368Z] [LOG] Perfiles encontrados en página 1: 10
[2026-02-19T21:56:36.379Z] [LOG] Paginador: 1 hoja(s) detectada(s).
[2026-02-19T21:56:36.379Z] [LOG] Perfiles encontrados después de extracción (todas las hojas): 10
[2026-02-19T21:56:36.380Z] [LOG] [DEBUG searchPerson] maxResults=25, filteredProfiles.length=10
[2026-02-19T21:56:36.380Z] [LOG]   Obteniendo detalles completos de 10 perfiles...
[2026-02-19T21:56:36.380Z] [LOG]     [1/10] Luis Chipoco
[2026-02-19T21:56:36.382Z] [LOG] Obteniendo detalles del perfil: https://www.linkedin.com/in/luis-chipoco-0852a136/
[2026-02-19T21:56:41.375Z] [LOG]   URL del perfil: https://www.linkedin.com/in/luis-chipoco-0852a136/
[2026-02-19T21:56:41.376Z] [LOG]   Cargando contenido completo del perfil...
[2026-02-19T21:56:45.291Z] [LOG]   Expandiendo secciones "Ver más"...
[2026-02-19T21:56:45.298Z] [LOG]   Sección de experiencia encontrada, expandiendo...

============================================================
[2026-02-19T21:59:05.734Z] EJECUCIÓN INICIADA - process.argv: C:\Users\pc\Documents\pruebaSccraping\index.js Director Financiero (CFO) --keywords=director financiero (cfo),director,financiero,cfo,mba,finanzas,lima, perú
============================================================
[2026-02-19T21:59:05.735Z] [LOG] Iniciando navegador con interfaz...
[2026-02-19T21:59:06.255Z] [LOG] ✓ Cookies cargadas desde sesión anterior
[2026-02-19T21:59:06.256Z] [LOG] Verificando sesión activa...
[2026-02-19T21:59:14.866Z] [LOG] Error verificando sesión: Protocol error (Runtime.callFunctionOn): Argument should belong to the same JavaScript world as target object
[2026-02-19T21:59:14.866Z] [LOG] No hay sesión activa. Iniciando sesión...
[2026-02-19T21:59:14.867Z] [LOG] Iniciando sesión en LinkedIn...
[2026-02-19T21:59:16.133Z] [ERROR] Error durante el login: net::ERR_ABORTED at https://www.linkedin.com/login
[2026-02-19T21:59:16.133Z] [LOG] Verifica que las credenciales sean correctas y que no haya CAPTCHA.
[2026-02-19T21:59:16.136Z] [LOG] ✓ Cookies guardadas
[2026-02-19T21:59:16.444Z] [LOG] Navegador cerrado
[2026-02-19T21:59:16.444Z] [LOG] 
Cerrando navegador en 5 segundos...
[2026-02-19T21:59:21.446Z] [LOG] Navegador cerrado
[2026-02-19T21:59:21.446Z] EJECUCIÓN FINALIZADA

============================================================
[2026-02-19T21:59:21.850Z] EJECUCIÓN INICIADA - process.argv: C:\Users\pc\Documents\pruebaSccraping\index.js Director Financiero (CFO) --keywords=director financiero (cfo),director,financiero,cfo,mba,finanzas,lima, perú
============================================================
[2026-02-19T21:59:21.852Z] [LOG] Iniciando navegador con interfaz...
[2026-02-19T21:59:22.376Z] [LOG] ✓ Cookies cargadas desde sesión anterior
[2026-02-19T21:59:22.377Z] [LOG] Verificando sesión activa...
[2026-02-19T21:59:30.745Z] [LOG] Error verificando sesión: Protocol error (DOM.resolveNode): No node with given id found
[2026-02-19T21:59:30.746Z] [LOG] No hay sesión activa. Iniciando sesión...
[2026-02-19T21:59:30.747Z] [LOG] Iniciando sesión en LinkedIn...
[2026-02-19T21:59:40.772Z] [ERROR] Error durante el login: Node is either not clickable or not an Element
[2026-02-19T21:59:40.772Z] [LOG] Verifica que las credenciales sean correctas y que no haya CAPTCHA.
[2026-02-19T21:59:40.775Z] [LOG] ✓ Cookies guardadas
[2026-02-19T21:59:41.252Z] [LOG] Navegador cerrado
[2026-02-19T21:59:41.253Z] [LOG] 
Cerrando navegador en 5 segundos...
[2026-02-19T21:59:46.254Z] [LOG] Navegador cerrado
[2026-02-19T21:59:46.255Z] EJECUCIÓN FINALIZADA

============================================================
[2026-02-19T21:59:46.655Z] EJECUCIÓN INICIADA - process.argv: C:\Users\pc\Documents\pruebaSccraping\index.js Director Financiero (CFO) --keywords=director financiero (cfo),director,financiero,cfo,mba,finanzas,lima, perú
============================================================
[2026-02-19T21:59:46.657Z] [LOG] Iniciando navegador con interfaz...
[2026-02-19T21:59:47.272Z] [LOG] ✓ Cookies cargadas desde sesión anterior
[2026-02-19T21:59:47.273Z] [LOG] Verificando sesión activa...
[2026-02-19T21:59:50.026Z] [LOG] No hay sesión activa. Iniciando sesión...
[2026-02-19T21:59:50.027Z] [LOG] Iniciando sesión en LinkedIn...
[2026-02-19T21:59:50.227Z] [ERROR] Error durante el login: net::ERR_ABORTED at https://www.linkedin.com/login
[2026-02-19T21:59:50.227Z] [LOG] Verifica que las credenciales sean correctas y que no haya CAPTCHA.
[2026-02-19T21:59:50.230Z] [LOG] ✓ Cookies guardadas
[2026-02-19T21:59:50.579Z] [LOG] Navegador cerrado
[2026-02-19T21:59:50.579Z] [LOG] 
Cerrando navegador en 5 segundos...
[2026-02-19T21:59:55.588Z] [LOG] Navegador cerrado
[2026-02-19T21:59:55.588Z] EJECUCIÓN FINALIZADA

============================================================
[2026-02-19T21:59:55.990Z] EJECUCIÓN INICIADA - process.argv: C:\Users\pc\Documents\pruebaSccraping\index.js Director Financiero (CFO) --keywords=director financiero (cfo),director,financiero,cfo,mba,finanzas,lima, perú
============================================================
[2026-02-19T21:59:55.992Z] [LOG] Iniciando navegador con interfaz...
[2026-02-19T21:59:56.541Z] [LOG] ✓ Cookies cargadas desde sesión anterior
[2026-02-19T21:59:56.542Z] [LOG] Verificando sesión activa...
[2026-02-19T21:59:59.398Z] [LOG] No hay sesión activa. Iniciando sesión...
[2026-02-19T21:59:59.399Z] [LOG] Iniciando sesión en LinkedIn...
[2026-02-19T22:00:08.908Z] [LOG] Esperando respuesta del servidor...
[2026-02-19T22:00:25.230Z] [LOG] Timeout en navegación, verificando estado...
[2026-02-19T22:00:28.231Z] [ERROR] Error durante el login: Requesting main frame too early!
[2026-02-19T22:00:28.231Z] [LOG] Verifica que las credenciales sean correctas y que no haya CAPTCHA.

============================================================
[2026-02-19T22:03:34.297Z] EJECUCIÓN INICIADA - process.argv: C:\Users\pc\Documents\pruebaSccraping\index.js Director Financiero (CFO) --keywords=director financiero (cfo),director,financiero,cfo,mba,finanzas,lima, perú
============================================================
[2026-02-19T22:03:34.299Z] [LOG] Iniciando navegador con interfaz...
[2026-02-19T22:03:34.840Z] [LOG] Verificando sesión activa...
[2026-02-19T22:03:37.647Z] [LOG] No hay sesión activa. Iniciando sesión...
[2026-02-19T22:03:37.648Z] [LOG] Iniciando sesión en LinkedIn...
[2026-02-19T22:03:46.475Z] [LOG] Esperando respuesta del servidor...
[2026-02-19T22:04:09.562Z] [LOG] URL actual: https://www.linkedin.com/checkpoint/lg/login?errorKey=challenge_global_internal_error&pageInstance=urn%3Ali%3Apage%3Acheckpoint_lg_login_default%3BaEGwFUFxTj6GrZyvK4fR0A%3D%3D&controlId=d_checkpoint_lg_consumer_login-login_submit_button
[2026-02-19T22:04:09.629Z] [LOG] [DEBUG] Captura guardada: C:\Users\pc\Documents\pruebaSccraping\screenshots\2fa_code_2026-02-19T22-04-09.png
[2026-02-19T22:04:09.630Z] [LOG] ⚠ LinkedIn solicita el código de verificación enviado a tu teléfono (2FA).
[2026-02-19T22:04:09.630Z] [LOG] Introduce el código en el navegador (haz clic en el campo, escribe y pulsa Enviar). Comprobando cada 15 s hasta 5 minutos...
[2026-02-19T22:04:24.638Z] [LOG]    Esperando... (hasta 5 min restantes)
[2026-02-19T22:04:39.651Z] [LOG]    Esperando... (hasta 5 min restantes)

============================================================
[2026-02-19T22:04:55.542Z] EJECUCIÓN INICIADA - process.argv: C:\Users\pc\Documents\pruebaSccraping\index.js Director Financiero (CFO) --keywords=director financiero (cfo),director,financiero,cfo,mba,finanzas,lima, perú
============================================================
[2026-02-19T22:04:55.545Z] [LOG] Iniciando navegador en modo headless (sin pantalla, para servidor Linux)...
[2026-02-19T22:04:55.926Z] [LOG] Verificando sesión activa...
[2026-02-19T22:04:58.910Z] [LOG] No hay sesión activa. Iniciando sesión...
[2026-02-19T22:04:58.911Z] [LOG] Iniciando sesión en LinkedIn...
[2026-02-19T22:05:09.172Z] [LOG] Esperando respuesta del servidor...
[2026-02-19T22:05:34.185Z] [LOG] Timeout en navegación, verificando estado...
[2026-02-19T22:05:42.200Z] [LOG] URL actual: https://www.linkedin.com/checkpoint/challenge/AgEIu4LpYfowEAAAAZx373jlLJujJMx7KQJi4WACUrijTVBIOPu9g6SsB1skKDb5CMl5W5_kPBSxqxfleq7i1GNYmsAU3w?ut=3_P_H-_NqdxI81
[2026-02-19T22:05:44.820Z] [LOG] [DEBUG] Captura guardada: C:\Users\pc\Documents\pruebaSccraping\screenshots\checkpoint_2026-02-19T22-05-44.png
[2026-02-19T22:05:44.908Z] [LOG] [DEBUG] Captura guardada: C:\Users\pc\Documents\pruebaSccraping\screenshots\2fa_code_2026-02-19T22-05-44.png
[2026-02-19T22:05:44.909Z] [LOG] ⚠ LinkedIn solicita el código de verificación enviado a tu teléfono (2FA).
[2026-02-19T22:05:45.003Z] [LOG] [DEBUG] Captura guardada: C:\Users\pc\Documents\pruebaSccraping\screenshots\login_blocked_2fa_2026-02-19T22-05-44.png
[2026-02-19T22:05:45.004Z] [LOG] ✗ En servidor sin pantalla necesitas código 2FA dinámico:
[2026-02-19T22:05:45.004Z] [LOG]   - LINKEDIN_2FA_CODE_FILE=ruta/archivo.txt  (escribe el código en el archivo al recibir el SMS; se lee y se borra)
[2026-02-19T22:05:45.004Z] [LOG]   - LINKEDIN_2FA_CMD="comando que imprime el código"  (ej. script que lee de API/SMS)
[2026-02-19T22:05:45.004Z] [LOG]   - LINKEDIN_2FA_CODE=123456  (solo para esta ejecución; cambia en cada intento)
[2026-02-19T22:05:45.006Z] [LOG] ✓ Cookies guardadas
[2026-02-19T22:05:45.152Z] [LOG] Navegador cerrado
[2026-02-19T22:05:45.152Z] [LOG] 
Cerrando navegador en 5 segundos...
[2026-02-19T22:05:50.168Z] [LOG] Navegador cerrado
[2026-02-19T22:05:50.168Z] EJECUCIÓN FINALIZADA

============================================================
[2026-02-19T22:06:31.102Z] EJECUCIÓN INICIADA - process.argv: C:\Users\pc\Documents\pruebaSccraping\index.js Director Financiero (CFO) --keywords=director financiero (cfo),director,financiero,cfo,mba,finanzas,lima, perú
============================================================
[2026-02-19T22:06:31.104Z] [LOG] Iniciando navegador en modo headless (sin pantalla, para servidor Linux)...
[2026-02-19T22:06:31.435Z] [LOG] Verificando sesión activa...
[2026-02-19T22:06:34.309Z] [LOG] No hay sesión activa. Iniciando sesión...
[2026-02-19T22:06:34.310Z] [LOG] Iniciando sesión en LinkedIn...
[2026-02-19T22:06:44.527Z] [LOG] Esperando respuesta del servidor...
[2026-02-19T22:07:09.528Z] [LOG] Timeout en navegación, verificando estado...
[2026-02-19T22:07:17.538Z] [LOG] URL actual: https://www.linkedin.com/checkpoint/challenge/AgEPdwqL_nK2EgAAAZx38O5SAc83fA4pWULAIKbArJsxzyr9tyjOO6UugsorvNcQ6iwZkFvPhKPcf5Q_7vbqIQJxgu0G6w?ut=2vRmGWjQ-exI81
[2026-02-19T22:07:20.152Z] [LOG] [DEBUG] Captura guardada: C:\Users\pc\Documents\pruebaSccraping\screenshots\checkpoint_2026-02-19T22-07-20.png
[2026-02-19T22:07:20.273Z] [LOG] [DEBUG] Captura guardada: C:\Users\pc\Documents\pruebaSccraping\screenshots\2fa_code_2026-02-19T22-07-20.png
[2026-02-19T22:07:20.273Z] [LOG] ⚠ LinkedIn solicita el código de verificación enviado a tu teléfono (2FA).
[2026-02-19T22:07:20.384Z] [LOG] [DEBUG] Captura guardada: C:\Users\pc\Documents\pruebaSccraping\screenshots\login_blocked_2fa_2026-02-19T22-07-20.png
[2026-02-19T22:07:20.384Z] [LOG] ✗ En servidor sin pantalla necesitas código 2FA dinámico:
[2026-02-19T22:07:20.384Z] [LOG]   - LINKEDIN_2FA_CODE_FILE=ruta/archivo.txt  (escribe el código en el archivo al recibir el SMS; se lee y se borra)
[2026-02-19T22:07:20.384Z] [LOG]   - LINKEDIN_2FA_CMD="comando que imprime el código"  (ej. script que lee de API/SMS)
[2026-02-19T22:07:20.384Z] [LOG]   - LINKEDIN_2FA_CODE=123456  (solo para esta ejecución; cambia en cada intento)
[2026-02-19T22:07:20.386Z] [LOG] ✓ Cookies guardadas
[2026-02-19T22:07:20.585Z] [LOG] Navegador cerrado
[2026-02-19T22:07:20.585Z] [LOG] 
Cerrando navegador en 5 segundos...
[2026-02-19T22:07:25.598Z] [LOG] Navegador cerrado
[2026-02-19T22:07:25.598Z] EJECUCIÓN FINALIZADA

============================================================
[2026-02-19T22:09:14.080Z] EJECUCIÓN INICIADA - process.argv: C:\Users\pc\Documents\pruebaSccraping\index.js Director Financiero (CFO) --keywords=director financiero (cfo),director,financiero,cfo,mba,finanzas,lima, perú
============================================================
[2026-02-19T22:09:14.082Z] [LOG] Iniciando navegador en modo headless (sin pantalla, para servidor Linux)...
[2026-02-19T22:09:14.421Z] [LOG] Verificando sesión activa...
[2026-02-19T22:09:17.331Z] [LOG] No hay sesión activa. Iniciando sesión...
[2026-02-19T22:09:17.332Z] [LOG] Iniciando sesión en LinkedIn...
[2026-02-19T22:09:27.451Z] [LOG] Esperando respuesta del servidor...
[2026-02-19T22:09:52.462Z] [LOG] Timeout en navegación, verificando estado...
[2026-02-19T22:10:00.465Z] [LOG] URL actual: https://www.linkedin.com/checkpoint/challenge/AgFNHcroqxWOfQAAAZx382nRUUGZYoFSPz1zW9JcXz_HlLmk7mw37kUeP8ZB5pFJTCUtCcpcDlzYcnjyvkp9tojKK5tE5w?ut=0WVb55LmWhxI81
[2026-02-19T22:10:03.076Z] [LOG] [DEBUG] Captura guardada: C:\Users\pc\Documents\pruebaSccraping\screenshots\checkpoint_2026-02-19T22-10-02.png
[2026-02-19T22:10:03.162Z] [LOG] [DEBUG] Captura guardada: C:\Users\pc\Documents\pruebaSccraping\screenshots\2fa_code_2026-02-19T22-10-03.png
[2026-02-19T22:10:03.162Z] [LOG] ⚠ LinkedIn solicita el código de verificación enviado a tu teléfono (2FA).
[2026-02-19T22:10:03.257Z] [LOG] [DEBUG] Captura guardada: C:\Users\pc\Documents\pruebaSccraping\screenshots\login_blocked_2fa_2026-02-19T22-10-03.png
[2026-02-19T22:10:03.258Z] [LOG] ✗ En servidor sin pantalla necesitas código 2FA dinámico:
[2026-02-19T22:10:03.258Z] [LOG]   - LINKEDIN_2FA_CODE_FILE=ruta/archivo.txt  (escribe el código en el archivo al recibir el SMS; se lee y se borra)
[2026-02-19T22:10:03.258Z] [LOG]   - LINKEDIN_2FA_CMD="comando que imprime el código"  (ej. script que lee de API/SMS)
[2026-02-19T22:10:03.258Z] [LOG]   - LINKEDIN_2FA_CODE=123456  (solo para esta ejecución; cambia en cada intento)
[2026-02-19T22:10:03.260Z] [LOG] ✓ Cookies guardadas
[2026-02-19T22:10:03.433Z] [LOG] Navegador cerrado
[2026-02-19T22:10:03.433Z] [LOG] 
Cerrando navegador en 5 segundos...
[2026-02-19T22:10:08.437Z] [LOG] Navegador cerrado
[2026-02-19T22:10:08.437Z] EJECUCIÓN FINALIZADA

============================================================
[2026-02-19T22:12:11.180Z] EJECUCIÓN INICIADA - process.argv: C:\Users\pc\Documents\pruebaSccraping\index.js Director Financiero (CFO) --keywords=director financiero (cfo),director,financiero,cfo,mba,finanzas,lima, perú
============================================================
[2026-02-19T22:12:11.182Z] [LOG] Iniciando navegador en modo headless (sin pantalla, para servidor Linux)...
[2026-02-19T22:12:11.531Z] [LOG] Verificando sesión activa...
[2026-02-19T22:12:14.310Z] [LOG] No hay sesión activa. Iniciando sesión...
[2026-02-19T22:12:14.310Z] [LOG] Iniciando sesión en LinkedIn...
[2026-02-19T22:12:24.222Z] [LOG] Esperando respuesta del servidor...
[2026-02-19T22:12:49.230Z] [LOG] Timeout en navegación, verificando estado...
[2026-02-19T22:12:57.242Z] [LOG] URL actual: https://www.linkedin.com/checkpoint/challenge/AgFbDnGweaTXWwAAAZx39h07_M45CZLuOdZR4Kn1SZSbwNrD_xzCgh6r6bZO7fI_JVJ6sMWWTp4zEWnyrpkxU8nuZ8YgAQ?ut=1C8cghI9WkxI81
[2026-02-19T22:12:59.853Z] [LOG] [DEBUG] Captura guardada: C:\Users\pc\Documents\pruebaSccraping\screenshots\checkpoint_2026-02-19T22-12-59.png
[2026-02-19T22:12:59.951Z] [LOG] [DEBUG] Captura guardada: C:\Users\pc\Documents\pruebaSccraping\screenshots\2fa_code_2026-02-19T22-12-59.png
[2026-02-19T22:12:59.952Z] [LOG] ⚠ LinkedIn solicita el código de verificación enviado a tu teléfono (2FA).
[2026-02-19T22:13:06.071Z] [LOG] Código 2FA enviado. Esperando redirección...
[2026-02-19T22:13:11.086Z] [LOG] Código posiblemente incorrecto o sesión sigue en checkpoint.
[2026-02-19T22:13:11.169Z] [LOG] [DEBUG] Captura guardada: C:\Users\pc\Documents\pruebaSccraping\screenshots\login_blocked_2fa_2026-02-19T22-13-11.png
[2026-02-19T22:13:11.169Z] [LOG] ✗ En servidor sin pantalla necesitas código 2FA dinámico:
[2026-02-19T22:13:11.169Z] [LOG]   - LINKEDIN_2FA_CODE_FILE=ruta/archivo.txt  (escribe el código en el archivo al recibir el SMS; se lee y se borra)
[2026-02-19T22:13:11.170Z] [LOG]   - LINKEDIN_2FA_CMD="comando que imprime el código"  (ej. script que lee de API/SMS)
[2026-02-19T22:13:11.170Z] [LOG]   - LINKEDIN_2FA_CODE=123456  (solo para esta ejecución; cambia en cada intento)
[2026-02-19T22:13:11.171Z] [LOG] ✓ Cookies guardadas
[2026-02-19T22:13:11.354Z] [LOG] Navegador cerrado
[2026-02-19T22:13:11.354Z] [LOG] 
Cerrando navegador en 5 segundos...
[2026-02-19T22:13:16.356Z] [LOG] Navegador cerrado
[2026-02-19T22:13:16.356Z] EJECUCIÓN FINALIZADA
